date,plan_cost_yuan,adjustment_cost_yuan,emergency_cost_yuan,total_cost_yuan,plan_kwh,final_purchase_kwh,emergency_kwh,waste_kwh,charge_kwh,discharge_kwh,emergency_periods,simultaneous_charge_discharge_periods,soc_start_kwh,soc_end_kwh,soc_min_kwh,soc_max_kwh,max_charge_kwh,max_discharge_kwh,balance_max_abs_kwh,solve_seconds
2025-02-01,18184.71104197631,0.0,0.0,18184.71104197631,42931.15600580685,42931.15600580685,0.0,5169.759579230637,20402.528416392048,17019.30792314916,0,0,10800.0,10251.933437920448,2207.7802061920515,10800.0,833.3333333333333,552.0416666666666,1.1368683772161603e-13,0.10686449985951185
2025-02-02,59376.654412768694,0.0,0.0,59376.654412768694,80626.71867678431,80626.71867678431,0.0,5281.763463196163,13790.198050200546,16801.520786612386,0,0,10251.933437920448,3994.7552535316277,3209.590236618046,10800.0,833.3333333333333,769.9785188888889,0.0,0.14134679990820587
2025-02-03,60451.17042854297,0.0,0.0,60451.17042854297,83405.27779273748,83405.27779273748,0.0,1145.4694752949258,18815.12703195075,16772.23521450819,0,0,3994.7552535316277,2292.552677278203,2121.081318821413,10800.0,833.3333333333333,747.8246800888895,0.0,0.1094906001817435
2025-02-04,60996.25739193501,0.0,0.0,60996.25739193501,84958.28946943328,84958.28946943328,0.0,569.3150015637867,21658.981746251186,18464.871228381686,0,0,2292.552677278203,1269.112661813507,1243.7202770604197,10800.0,833.3333333333333,812.5552777777779,0.0,0.10452429996803403
2025-02-05,61730.70507754031,0.0,941.7454047245371,62672.450482264845,87428.38803396792,87428.38803396792,165.5718840622718,116.23853333333363,25062.394140591925,18333.099739228397,2,0,1269.112661813507,3455.15656698136,1200.0,10078.543402901234,833.3333333333333,833.3333333333333,2.2737367544323206e-13,0.13467180007137358
2025-02-06,60641.72736719813,0.0,152.31749033333412,60794.044857531466,85634.65908110591,85634.65908110591,21.052866666666773,156.77660245558673,22946.511523110552,17718.633394460216,1,0,3455.15656698136,4419.646499491733,1607.758956713955,10400.60939313565,833.3333333333333,833.3333333333333,2.2737367544323206e-13,0.14306809986010194
2025-02-07,19312.63875583872,0.0,0.0,19312.63875583872,47395.05033226275,47395.05033226275,0.0,4861.568934411307,27747.271602073663,17019.469870888886,0,0,4419.646499491733,10481.668862592596,2085.3068730864184,10800.0,833.3333333333333,536.0374499999999,0.0,0.09288729983381927
2025-02-08,16206.402647400166,0.0,0.0,16206.402647400166,38613.60531939367,38613.60531939367,0.0,3467.5139722962786,19805.408075097388,16236.479444666671,0,0,10481.668862592596,10266.003413883946,1978.189218518519,10800.0,833.3333333333333,524.0133333333333,0.0,0.0935674998909235
2025-02-09,55897.433652806365,0.0,0.0,55897.433652806365,76308.32353495638,76308.32353495638,0.0,70.77477999999996,14723.645991482623,18041.513203192924,0,0,10266.003413883946,3471.159024892844,1481.0341174854368,10560.778153802474,833.3333333333333,737.0414000000001,0.0,0.18635500012896955
2025-02-10,56501.69320005744,0.0,0.0,56501.69320005744,81524.092153571,81524.092153571,0.0,4777.513118746275,19064.051733891578,16644.110282400186,0,0,3471.159024892844,2135.3497160617226,2135.3497160617226,10800.0,833.3333333333333,783.9384311111113,0.0,0.19928029994480312
2025-02-11,57178.36493861272,0.0,0.0,57178.36493861272,83064.82915667519,83064.82915667519,0.0,2238.062195055272,22796.68873903979,17190.518910753213,0,0,2135.3497160617226,3551.793013693964,2055.061570484087,10800.0,833.3333333333333,826.1574222222223,0.0,0.1667384000029415
2025-02-12,54599.97372731689,0.0,0.0,54599.97372731689,78957.3322436263,78957.3322436263,0.0,1572.6106027983446,20181.439908639084,18063.454401144445,0,0,3551.793013693964,1644.5840413086466,1494.396892456795,10800.0,833.3333333333333,825.4096977777779,0.0,0.16079190000891685
2025-02-13,54979.10254322448,0.0,0.0,54979.10254322448,81552.62031673374,81552.62031673374,0.0,4683.757236312628,22540.677756310004,17001.29369255556,0,0,1644.5840413086466,3040.8676969259213,1626.1142079753133,10800.0,833.3333333333333,793.3462666666667,1.1368683772161603e-13,0.15379750006832182
2025-02-14,17596.41964814339,0.0,0.0,17596.41964814339,44163.64915798401,44163.64915798401,0.0,2462.838078263109,28065.3952320342,16166.385968979968,0,0,3040.8676969259213,10337.072329112294,1373.3825334567982,10800.0,833.3333333333333,559.76725,0.0,0.13209369988180697
2025-02-15,15464.745136251096,0.0,0.0,15464.745136251096,36120.23044370595,36120.23044370595,0.0,3441.1826220713274,20291.705834845743,16892.749113211114,0,0,10337.072329112294,9829.886343572223,1663.3759245185151,10800.0,833.3333333333333,547.3166666666666,0.0,0.071399400010705
2025-02-16,49906.2012501037,0.0,3756.690633539414,53662.89188364312,69937.8080523155,69937.8080523155,572.390517644437,30.28968000000009,14017.493971037718,18914.964181077783,4,0,9829.886343572223,1429.0040496419797,1200.0,10452.880500547159,833.3333333333333,829.8733333333333,1.1368683772161603e-13,0.10169830010272563
2025-02-17,53603.43479778596,0.0,0.0,53603.43479778596,79065.8051370372,79065.8051370372,0.0,3353.7674753160536,21119.659008239967,16591.48451318549,0,0,1429.0040496419797,2001.7143646296288,1429.0040496419797,10800.0,833.3333333333333,820.0833333333331,0.0,0.18490140000358224
2025-02-18,51654.687130882376,0.0,0.0,51654.687130882376,77565.4761566069,77565.4761566069,0.0,981.5002687277188,22072.487449153097,17579.899344607235,0,0,2001.7143646296288,2333.7315748593805,1991.1260060322206,10800.0,833.3333333333333,821.3480577777777,0.0,0.15192700014449656
2025-02-19,51610.627597939965,0.0,2549.3142114726843,54159.94180941265,77537.72101342717,77537.72101342717,512.1334212641568,1854.7141755555547,22667.1166350075,19351.303759205068,11,0,2333.7315748593805,1232.6879250271602,1200.0,10215.15865080247,833.3333333333333,833.3333333333333,0.0,0.11082060006447136
2025-02-20,53737.54059850033,0.0,0.0,53737.54059850033,81087.07319571968,81087.07319571968,0.0,1918.3757463533289,25241.065643173126,17065.50192714009,0,0,1232.6879250271602,4987.978195949544,1232.6879250271602,10800.0,833.3333333333333,829.6010611111109,0.0,0.16806140006519854
2025-02-21,16712.908520051104,0.0,0.0,16712.908520051104,40546.640863327324,40546.640863327324,0.0,5870.1117836762705,24124.330700028833,15008.06365371111,0,0,4987.978195949544,10024.249544074255,1534.6900589135855,10800.0,833.3333333333333,538.6099999999999,0.0,0.12557479995302856
2025-02-22,14980.815354399987,0.0,0.0,14980.815354399987,35644.416081894065,35644.416081894065,0.0,3931.9256571056194,21735.531123799727,17867.80358234461,0,0,10024.249544074255,9733.112463999998,1722.038695339737,10800.0,833.3333333333333,530.305,0.0,0.07609479990787804
2025-02-23,47496.65611031295,0.0,0.0,47496.65611031295,67834.46180466194,67834.46180466194,0.0,426.6469999020047,13755.855003648832,17879.89388222222,0,0,9733.112463999998,2246.8332092592586,1986.0324673163664,10800.0,833.3333333333333,805.7457566666665,0.0,0.16706389980390668
2025-02-24,50805.748311905125,0.0,0.0,50805.748311905125,76105.62667150288,76105.62667150288,0.0,4279.232805912214,20400.058870864195,16776.698621940195,0,0,2246.8332092592586,1966.1099464368167,1793.956646189903,10800.0,833.3333333333333,824.7499833333333,0.0,0.09016630006954074
2025-02-25,49632.67372267519,0.0,0.0,49632.67372267519,75602.76806776278,75602.76806776278,0.0,5411.401840740724,19556.951136410404,15186.908142721673,0,0,1966.1099464368167,2693.0235884043173,1919.8168133827196,10800.0,833.3333333333333,824.5667284666687,0.0,0.1136149000376463
2025-02-26,49009.13969843235,0.0,0.0,49009.13969843235,73753.7510456032,73753.7510456032,0.0,1178.0732400105621,20377.112966725563,16616.28319446625,0,0,2693.0235884043173,2569.8883757170497,1676.6066930886536,10800.0,833.3333333333333,796.1013188888887,0.0,0.14583749999292195
2025-02-27,47260.1901311452,0.0,0.0,47260.1901311452,73231.8257728416,73231.8257728416,0.0,776.4782061269447,23434.25752082194,17935.494154107273,0,0,2569.8883757170497,3732.3933065598226,1228.8891638395028,10800.0,833.3333333333333,819.6443644444445,0.0,0.12614140007644892
2025-02-28,16390.29978481627,0.0,0.0,16390.29978481627,41635.93071535171,41635.93071535171,0.0,7214.951863704794,25479.906230951354,14351.520929304437,0,0,3732.3933065598226,10718.174548522224,1676.257441654318,10800.0,833.3333333333333,520.9738,0.0,0.12897750013507903
2025-03-01,14072.99256635067,0.0,0.0,14072.99256635067,34386.15215652751,34386.15215652751,0.0,7207.656561831804,20553.51461103015,17033.784949667774,0,0,10718.174548522224,10289.90997659628,1689.1121956567908,10800.0,833.3333333333333,478.9468333333333,5.684341886080802e-14,0.12533080019056797
2025-03-02,45153.03938975213,0.0,18593.622761786028,63746.662151538156,65789.79134557239,65789.79134557239,2918.6405788738434,152.76896555555538,13472.022216635132,17274.66632441111,11,0,10289.90997659628,3220.6562777777776,1200.0,10571.045469247829,833.3333333333333,751.0622133333333,0.0,0.13037170004099607
2025-03-03,49959.78113013292,0.0,4338.4044894425,54298.18561957542,74728.79856422798,74728.79856422798,705.0019258430623,65.5186866666669,20919.62754364883,17568.49237357778,8,0,3220.6562777777776,2527.773985308642,1200.0,10180.206231432103,833.3333333333333,802.9316166666667,1.1368683772161603e-13,0.12094379984773695
2025-03-04,49916.57018251605,0.0,0.0,49916.57018251605,74882.37262358477,74882.37262358477,0.0,1949.401958148143,21460.870349099452,17727.357616996156,0,0,2527.773985308642,2145.4932806135257,2131.244644596859,10800.0,833.3333333333333,821.0522666666667,0.0,0.12935540010221303
2025-03-05,49256.17425203069,0.0,32.736535900001016,49288.91078793069,75694.9009547825,75694.9009547825,6.618300000000204,4536.564741682027,21270.79280335603,16236.310306922223,2,0,2145.4932806135257,3248.862018164813,2145.4932806135257,10800.0,833.3333333333333,833.3333333333333,1.1368683772161603e-13,0.13295449991710484
2025-03-06,49951.951771330554,0.0,0.0,49951.951771330554,76776.67400848429,76776.67400848429,0.0,4756.566165581064,21862.76006565157,15783.306356081663,0,0,3248.862018164813,5388.339014938274,2477.6623050944477,10800.0,833.3333333333333,772.4456333333333,0.0,0.12073740013875067
2025-03-07,15295.873202690142,0.0,0.0,15295.873202690142,38789.990487520256,38789.990487520256,0.0,8697.089221933244,22632.214977358577,13461.599245104895,0,0,5388.339014938274,10800.0,2118.2018775566216,10800.0,833.3333333333333,456.53116666666665,0.0,0.10915879998356104
2025-03-08,12979.700974063959,0.0,0.0,12979.700974063959,31964.78886003045,31964.78886003045,0.0,9722.294170667761,20602.00647565158,17422.651302955554,0,0,10800.0,9983.304380358026,1805.0030402469135,10800.0,833.3333333333333,464.6276666666667,0.0,0.09746309998445213
2025-03-09,43206.801846773276,0.0,0.0,43206.801846773276,64842.260104272704,64842.260104272704,0.0,3725.270592844459,14816.164255076132,17032.699793647887,0,0,9983.304380358026,4392.630216984443,2629.4188804197497,10800.0,833.3333333333333,777.0863666666667,0.0,0.12010210007429123
2025-03-10,45494.47062128601,0.0,3889.348499601725,49383.81912088774,67910.45951080532,67910.45951080532,695.2129247405938,7.592747777777731,17967.020124846335,17411.011887078195,8,0,4392.630216984443,1217.3795659259267,1200.0,9438.8502782554,833.3333333333333,822.2328833333333,1.1368683772161603e-13,0.1687199000734836
2025-03-11,46810.74622616454,0.0,0.0,46810.74622616454,72583.70176785419,72583.70176785419,0.0,3471.134129939787,20820.339212620027,15646.690374705631,0,0,1217.3795659259267,2570.4733298332544,1217.3795659259267,10800.0,833.3333333333333,788.2315166666667,0.0,0.15305379987694323
2025-03-12,45831.73947327854,0.0,0.0,45831.73947327854,73055.37940449844,73055.37940449844,0.0,4702.846046657856,22360.6885316255,16443.68985711825,0,0,2570.4733298332544,4424.326500387036,1753.4319418395057,10800.0,833.3333333333333,795.64,0.0,0.16064189979806542
2025-03-13,43021.98398686952,0.0,16273.28459732934,59295.26858419886,66295.28293017973,66295.28293017973,2580.1709981918675,171.75399000000016,17054.03555612839,15895.95363442344,13,0,4424.326500387036,2110.787795987653,1200.0,9964.807276782098,833.3333333333333,829.3766666666667,0.0,0.1665912999305874
2025-03-14,15041.786673390936,0.0,0.0,15041.786673390936,40115.00339428289,40115.00339428289,0.0,11110.101199161803,27426.808558146484,14451.332346358733,0,0,2110.787795987653,10737.879557920898,1430.6261654567886,10800.0,833.3333333333333,496.715,0.0,0.11858449992723763
2025-03-15,12555.273886552424,0.0,300.39942561087804,12855.673312163302,30729.661023563567,30729.661023563567,99.23479114444649,6982.291322539644,21115.06536326,18192.58602109163,2,0,10737.879557920898,9527.453916975312,1200.0,10800.0,830.8224531761798,576.6216666666667,0.0,0.08894010004587471
2025-03-16,41069.09587392722,0.0,0.0,41069.09587392722,62071.74894628971,62071.74894628971,0.0,2067.4236687702924,13148.282797422693,16495.00445323661,0,0,9527.453916975312,3033.1257088372863,2326.0284059360524,10800.0,833.3333333333333,817.1838888888888,0.0,0.13139129988849163
2025-03-17,42615.30564602266,0.0,0.0,42615.30564602266,68528.51354688965,68528.51354688965,0.0,7850.207442418174,16886.018569985798,14065.843898847663,0,0,3033.1257088372863,2601.8269786604383,2115.3324598482786,10800.0,833.3333333333333,792.12985,0.0,0.11390180001035333
2025-03-18,42800.629405372776,0.0,0.0,42800.629405372776,68222.64766445803,68222.64766445803,0.0,3294.069958662407,20343.850677465223,16541.23133833626,0,0,2601.8269786604383,2532.146656894407,2092.8416104751786,10800.0,833.3333333333333,801.5304166666665,0.0,0.1399023002013564
2025-03-19,41662.040156695955,0.0,0.0,41662.040156695955,67614.1974365508,67614.1974365508,0.0,3565.4324445417064,21786.179277565883,17202.88473555679,0,0,2532.146656894407,3025.391633862825,2058.9123568024706,10800.0,833.3333333333333,804.7827777777777,0.0,0.14681349997408688
2025-03-20,41979.09192654236,0.0,0.0,41979.09192654236,67201.95079548494,67201.95079548494,0.0,1150.6388301856532,20666.199743924713,16823.84959529211,0,0,3025.391633862825,2931.8051864038302,1291.0485952309912,10800.0,833.3333333333333,812.1955555555553,1.1368683772161603e-13,0.14751169993542135
2025-03-21,14678.501584301142,0.0,0.0,14678.501584301142,38666.31450084431,38666.31450084431,0.0,14870.164053960629,25321.760414661458,13559.074484444442,0,0,2931.8051864038302,10655.751243549763,1372.6400642098768,10800.0,833.3333333333333,494.82499999999993,5.684341886080802e-14,0.10920529998838902
2025-03-22,12258.456479147935,0.0,0.0,12258.456479147935,30225.80484485143,30225.80484485143,0.0,10976.755957544578,19734.603115239075,16366.753961265555,0,0,10655.751243549763,10231.611868080983,1880.3041317901213,10800.0,833.3333333333333,471.8125166666667,0.0,0.12206230009905994
2025-03-23,36665.64927160104,0.0,0.0,36665.64927160104,56332.96320479767,56332.96320479767,0.0,2372.6048920576195,12851.738282673396,17661.10008660001,0,0,10231.611868080983,2174.731781820368,1915.6597392790097,10800.0,833.3333333333333,817.6898666666666,1.1368683772161603e-13,0.11572190001606941
2025-03-24,39993.89665314549,0.0,0.0,39993.89665314549,64547.10537347833,64547.10537347833,0.0,2198.3153546639264,21548.048524575443,17197.755589094373,0,0,2174.731781820368,2459.358132722295,2140.313405277158,10800.0,833.3333333333333,791.9585666666665,0.0,0.16674170014448464
2025-03-25,39737.04300640198,0.0,943.045475960909,40680.08848236289,63738.46600039601,63738.46600039601,163.0242690048625,161.71794444444458,19826.394110034205,17036.746501744437,5,0,2459.358132722295,1373.394496481481,1200.0,10267.840913431037,833.3333333333333,781.8044444444445,0.0,0.14437090000137687
2025-03-26,40072.960441531875,0.0,0.0,40072.960441531875,65351.71744536549,65351.71744536549,0.0,4130.772128199592,21264.424935846073,15636.034485346845,0,0,1373.394496481481,3138.0052883575668,1373.394496481481,10800.0,833.3333333333333,777.4781944444444,0.0,0.13950729998759925
2025-03-27,38987.33460838653,0.0,0.0,38987.33460838653,63790.596829202084,63790.596829202084,0.0,854.2268015041736,20774.223542305033,16554.84291460712,0,0,3138.0052883575668,3440.5365713130755,1785.0139775377359,10800.0,833.3333333333333,766.7254166666667,1.1368683772161603e-13,0.14379470003768802
2025-03-28,14281.326967603172,0.0,0.0,14281.326967603172,37740.0389405317,37740.0389405317,0.0,15506.882679747498,25198.728464733173,13787.452970615637,0,0,3440.5365713130755,10800.0,1521.5069717901256,10800.0,833.3333333333333,483.8733333333333,0.0,0.09951690002344549
2025-03-29,11603.678136711336,0.0,0.0,11603.678136711336,29872.270066559508,29872.270066559508,0.0,18870.675434499317,20488.32952400102,17193.94407527416,0,0,10800.0,10135.114265740745,1790.693676556372,10800.0,833.3333333333333,482.24499999999995,0.0,0.09306629979982972
2025-03-30,35830.92228538042,0.0,0.0,35830.92228538042,58075.363810073366,58075.363810073366,0.0,2055.8272923892937,17213.77650198903,16539.859684304945,0,0,10135.114265740745,7249.891246080931,2118.6624252784627,10800.0,833.3333333333333,761.5791333333332,0.0,0.12694910005666316
2025-03-31,34719.21892245424,0.0,0.0,34719.21892245424,54810.4816827901,54810.4816827901,0.0,51.97401067311971,13525.137123868113,15718.018935084458,0,0,7249.891246080931,1958.0491741350604,1213.2098825301218,10800.0,833.3333333333333,796.0470833333333,0.0,0.13158620009198785
2025-04-01,37766.944768297355,0.0,14794.423032324728,52561.36780062209,60701.04223454267,60701.04223454267,2288.1820396174394,51.37827555555566,17015.40716779823,14286.41268586034,5,0,1958.0491741350604,1398.123751975308,1200.0,10006.699615827163,833.3333333333333,747.4150000000001,1.1368683772161603e-13,0.15045750001445413
2025-04-02,38003.08698053517,0.0,13921.839122889252,51924.92610342442,62756.92932980621,62756.92932980621,2416.080678671194,19.04903888888873,21247.676606606205,16529.051037017693,11,0,1398.123751975308,2155.420434567902,1200.0,10233.898168888887,833.3333333333333,788.4129166666667,0.0,0.18490440002642572
2025-04-03,38428.77630690724,0.0,665.9742211177909,39094.75052802503,63268.49662450032,63268.49662450032,127.27753987777604,2770.1145554063896,22829.609949615908,18067.480607310867,2,0,2155.420434567902,2627.090936654599,1200.0,10800.0,833.3333333333333,779.5462500000001,0.0,0.13691879995167255
2025-04-04,13922.72963133468,0.0,0.0,13922.72963133468,36909.77471102946,36909.77471102946,0.0,18857.077596572843,22795.18605938995,11173.291194933336,0,0,2627.090936654599,10727.990395735187,1563.7820496913575,10800.0,833.3333333333333,503.50333333333333,5.684341886080802e-14,0.11935369996353984
2025-04-05,11567.829551009054,0.0,0.0,11567.829551009054,28961.34874919594,28961.34874919594,0.0,13742.754659190674,19621.896086200268,16447.416979528334,0,0,10727.990395735187,10112.789118283948,1848.5106861851832,10800.0,833.3333333333333,483.91773333333333,5.684341886080802e-14,0.08276430005207658
2025-04-06,35302.262346037554,0.0,0.0,35302.262346037554,55350.57122923763,55350.57122923763,0.0,4444.1415157522515,12091.730529837558,15595.377083018853,0,0,10112.789118283948,3667.1498362279167,2079.5327720452,10800.0,833.3333333333333,739.665,1.1368683772161603e-13,0.10679999995045364
2025-04-07,37449.3360274875,0.0,0.0,37449.3360274875,61752.96430414758,61752.96430414758,0.0,4914.346201555283,19262.572944547854,15666.674125288886,0,0,3667.1498362279167,3596.049791555557,2295.450442851853,10800.0,833.3333333333333,735.0190166666666,1.1368683772161603e-13,0.1476760001387447
2025-04-08,36760.13510652419,0.0,0.0,36760.13510652419,60947.89272437934,60947.89272437934,0.0,2927.369719301162,20632.66036123456,16965.330972823045,0,0,3596.049791555557,3315.0763690855038,1334.071292789207,10800.0,833.3333333333333,746.5049999999999,0.0,0.15235029999166727
2025-04-09,36095.35318803119,0.0,11118.231196393197,47213.584384424394,58955.340632146515,58955.340632146515,1719.9686401865579,171.31206222222215,16474.038335140518,15104.35214169633,4,0,3315.0763690855038,1359.0973799382718,1200.0,10420.473982847776,833.3333333333333,749.6552499999999,1.1368683772161603e-13,0.1507294001057744
2025-04-10,38717.12888566329,0.0,0.0,38717.12888566329,64280.58219185543,64280.58219185543,0.0,4396.183061755827,21202.26122122739,15778.499991127785,0,0,1359.0973799382718,2909.4658222342778,1359.0973799382718,10800.0,833.3333333333333,766.9669166666665,0.0,0.11674670013599098
2025-04-11,13883.418116846096,0.0,0.0,13883.418116846096,36844.56438333221,36844.56438333221,0.0,19870.904657005532,24557.039004115635,12900.029444455626,0,0,2909.4658222342778,10677.434876543211,1812.0902437864647,10800.0,833.3333333333333,493.1533333333333,0.0,0.10768829984590411
2025-04-12,11052.462535107099,0.0,0.0,11052.462535107099,28322.479110518107,28322.479110518107,0.0,16284.690382993613,19381.245448446713,16368.617270922221,0,0,10677.434876543211,9933.203256898338,2183.778353071178,10800.0,833.3333333333333,476.1539333333333,0.0,0.09486019983887672
2025-04-13,32580.9866575353,0.0,0.0,32580.9866575353,50241.783667027776,50241.783667027776,0.0,0.0,12619.498179094448,16654.0729954,0,0,9933.203256898338,2786.226067638901,1977.828592515445,10678.074651234572,827.4702633333334,748.98,0.0,0.13177490001544356
2025-04-14,35575.757097779366,0.0,0.0,35575.757097779366,58993.80852344526,58993.80852344526,0.0,1467.2074366323718,20925.79526174553,15927.225974932633,0,0,2786.226067638901,3922.5240532847256,1930.3657624321002,10800.0,833.3333333333333,759.3166666666666,1.1368683772161603e-13,0.11901750019751489
2025-04-15,34179.587167132995,0.0,0.0,34179.587167132995,56826.82115709132,56826.82115709132,0.0,2787.5632395404696,19801.37349541752,15901.544411200002,0,0,3922.5240532847256,4075.3775200493824,2268.7445996790116,10800.0,833.3333333333333,751.0735833333333,0.0,0.11984850000590086
2025-04-16,33364.03904917311,0.0,16944.549259084168,50308.58830825728,53963.29856926922,53963.29856926922,2610.128869049082,2.9788888888888323,14906.92932354664,14116.072724117224,8,0,4075.3775200493824,1807.088662222222,1200.0,9995.204441108275,833.3333333333333,748.3073333333334,0.0,0.14449019986204803
2025-04-17,36318.96986123847,0.0,0.0,36318.96986123847,61908.13240919048,61908.13240919048,0.0,2382.446730642869,22714.816261592063,16057.472933044444,0,0,1807.088662222222,4408.78670538348,1807.088662222222,10800.0,833.3333333333333,750.8766666666667,1.1368683772161603e-13,0.13610710017383099
2025-04-18,12858.926598158136,0.0,0.0,12858.926598158136,34500.30544620741,34500.30544620741,0.0,18081.43671473251,22698.208331508915,12633.456783367352,0,0,4408.78670538348,10800.0,1629.083453037037,10800.0,833.3333333333333,475.26,5.684341886080802e-14,0.09343230002559721
2025-04-19,10287.105173324893,0.0,0.0,10287.105173324893,27135.014186388886,27135.014186388886,0.0,17464.518343182437,19085.835150107057,16200.01855690061,0,0,10800.0,9977.231016317894,1879.7672898641977,10800.0,833.3333333333333,475.26865,0.0,0.0716315999161452
2025-04-20,30202.824313225643,0.0,0.0,30202.824313225643,47249.4206046928,47249.4206046928,0.0,0.0,12662.199311795743,17370.523590436263,0,0,9977.231016317894,2072.62862978266,1338.4996595939738,10523.01901858025,806.7448611111107,721.5449,1.1368683772161603e-13,0.12331390008330345
2025-04-21,34115.22157937418,0.0,0.0,34115.22157937418,57609.65404726618,57609.65404726618,0.0,4308.394037514272,19729.7261933958,14945.376566977222,0,0,2072.62862978266,3223.408240530865,1863.491880962964,10800.0,833.3333333333333,741.0165499999999,0.0,0.144932399969548
2025-04-22,32638.591528274468,0.0,705.5507046700147,33344.14223294448,53487.74979418466,53487.74979418466,143.3605482540799,57.75910666666641,17023.30873581799,15602.886816712578,7,0,3223.408240530865,1207.8451953086426,1200.0,10291.65939264198,833.3333333333333,750.7866666666666,0.0,0.1713680000975728
2025-04-23,35199.665491034815,0.0,0.0,35199.665491034815,59779.09621577687,59779.09621577687,0.0,43.64376666666669,23597.358021901873,15261.82228945833,0,0,1207.8451953086426,5487.887093399955,1207.8451953086426,10681.995609745638,833.3333333333333,748.3694499999999,0.0,0.17308620014227927
2025-04-24,32728.019656705168,0.0,0.0,32728.019656705168,54819.11302253975,54819.11302253975,0.0,4237.64595595906,18634.53543898591,15143.175072405213,0,0,5487.887093399955,5433.218908037039,1739.9450337160513,10800.0,833.3333333333333,745.5016666666667,0.0,0.12072550016455352
2025-04-25,11329.709503476108,0.0,0.0,11329.709503476108,31717.66193152331,31717.66193152331,0.0,21230.223668694503,21448.194003251025,12961.113390422222,0,0,5433.218908037039,10335.356410493825,1820.6888241213558,10800.0,833.3333333333333,490.2083333333333,5.684341886080802e-14,0.08103529992513359
2025-04-26,9977.641866581947,0.0,0.0,9977.641866581947,26579.83615566879,26579.83615566879,0.0,23608.823614951994,20361.339783889573,17460.520876506103,0,0,10335.356410493825,9259.983464320992,1522.261716666668,10800.0,833.3333333333333,484.1332333333333,5.684341886080802e-14,0.0880658000241965
2025-04-27,28464.768082534974,0.0,1905.2774052422546,30370.045487777228,45234.480581113996,45234.480581113996,290.4164934444409,781.475294134488,14490.522856748843,18320.57225965823,1,0,9259.983464320992,1945.2626357746913,1200.0,10800.0,833.3333333333333,733.8631166666667,0.0,0.11553009995259345
2025-04-28,32686.30824240038,0.0,36892.887496810305,69579.19573921069,54158.18406246543,54158.18406246543,5907.615372451299,145.33720000000062,14542.07736405007,11243.582445800006,21,0,1945.2626357746913,2540.262879197531,1200.0,9400.130490370979,833.3333333333333,730.8916666666667,0.0,0.12973399995826185
2025-04-29,32317.529862283616,0.0,0.0,32317.529862283616,54378.441615538264,54378.441615538264,0.0,2514.0170764883424,19854.12323817215,15422.91241578889,0,0,2540.262879197531,3272.404442675923,1704.6295957098723,10800.0,833.3333333333333,748.9916666666666,0.0,0.1283678999170661
2025-04-30,32277.423498184064,0.0,0.0,32277.423498184064,54153.31511156337,54153.31511156337,0.0,1364.9700125093234,19013.652744763378,14482.162079042662,0,0,3272.404442675923,4293.400714026672,2027.457745508153,10800.0,833.3333333333333,746.8378333333334,1.1368683772161603e-13,0.15019640000537038
2025-05-01,32296.472885397117,0.0,13455.962842174886,45752.435727572,52277.50174791579,52277.50174791579,2681.833078491216,1656.4869903366457,19718.022840496706,17426.553804426338,24,0,4293.400714026672,2676.78371,1200.0,10800.0,833.3333333333333,819.6148166666667,0.0,0.14110850007273257
2025-05-02,12855.220826265508,0.0,8579.214370904148,21434.435197169656,32601.864337111107,32601.864337111107,1718.5578574111103,11864.873627777777,20999.667003333332,12834.438519922223,13,0,2676.78371,7315.996768641975,1200.0,10800.0,833.3333333333333,546.4155499999999,5.684341886080802e-14,0.12571079982444644
2025-05-03,13614.387875542918,0.0,0.0,13614.387875542918,31260.04572114403,31260.04572114403,0.0,17138.808880617282,19679.477048971195,14425.411858444444,0,0,7315.996768641975,8999.290714444447,1596.565773814815,10800.0,833.3333333333333,572.5083333333333,0.0,0.058722499990835786
2025-05-04,35702.20391598143,0.0,39.825744950000555,35742.02966093143,53366.081355062284,53366.081355062284,5.9969500000000835,4987.219568153238,10677.089087242384,14026.897683666662,1,0,8999.290714444447,3023.229022221856,2863.556200679017,10800.0,833.3333333333333,833.3333333333333,0.0,0.11430040001869202
2025-05-05,39194.43199515647,0.0,1378.5867176011484,40573.018712757614,61551.549559356776,61551.549559356776,271.1956001555542,1777.7167696894364,20477.00415064512,15507.982560822218,5,0,3023.229022221856,4221.441023555562,1200.0,10800.0,833.3333333333333,813.5731666666667,0.0,0.13250469998456538
2025-05-06,40369.88288944804,0.0,0.0,40369.88288944804,62341.2918614967,62341.2918614967,0.0,5880.053601614403,18433.82990452674,14842.674011311112,0,0,4221.441023555562,4320.0279250617305,2119.3000392716044,10800.0,833.3333333333333,790.7949877777779,1.1368683772161603e-13,0.12256729998625815
2025-05-07,40881.05778463488,0.0,0.0,40881.05778463488,63427.776383091754,63427.776383091754,0.0,4094.879421830865,18105.891141016455,13840.840129755552,0,0,4320.0279250617305,5236.6186966925925,3082.9146131234606,10800.0,833.3333333333333,812.3016666666667,1.1368683772161603e-13,0.15252229990437627
2025-05-08,39750.00322176228,0.0,147.34492413333206,39897.34814589561,61470.49404773564,61470.49404773564,21.491383333333147,2379.848122959654,16721.990861809325,13436.365953699998,1,0,5236.6186966925925,5357.114968209877,3673.0580757407415,10800.0,833.3333333333333,833.3333333333333,0.0,0.13105799979530275
2025-05-09,14919.454531591975,0.0,0.0,14919.454531591975,34291.9082232668,34291.9082232668,0.0,17196.556027043895,20529.19818187496,11933.231835652055,0,0,5357.114968209877,10574.246847839506,1699.1478117037032,10800.0,833.3333333333333,560.7918,0.0,0.08452289993874729
2025-05-10,14167.674327762988,0.0,0.0,14167.674327762988,30250.151274026746,30250.151274026746,0.0,14861.787113264747,18287.565536373113,15020.246658944448,0,0,10574.246847839506,10343.892876192594,2578.6606127654327,10800.0,830.785,554.0049499999999,5.684341886080802e-14,0.11892949999310076
2025-05-11,36328.35409727117,0.0,40.658003888888516,36369.01210116006,53455.28125290387,53455.28125290387,6.103888888888832,1362.4591212324117,11322.736679393685,14707.889742166666,1,0,10343.892876192594,4192.256174128395,3189.539786135803,10800.0,833.3333333333333,833.3333333333333,0.0,0.13692930014804006
2025-05-12,38734.700182468936,0.0,0.0,38734.700182468936,60310.38453747818,60310.38453747818,0.0,5675.311940635665,15173.018612300637,12469.141248791451,0,0,4192.256174128395,3993.371537652918,3061.5094447255487,10800.0,833.3333333333333,784.4030055555556,1.1368683772161603e-13,0.14707400021143258
2025-05-13,37088.11915070166,0.0,0.0,37088.11915070166,58761.81314913696,58761.81314913696,0.0,2352.786165968605,18540.19066042555,15260.376443923864,0,0,3993.371537652918,3723.5693054538397,3143.938557474212,10800.0,833.3333333333333,812.3001,1.1368683772161603e-13,0.1322538999374956
2025-05-14,36479.03838095833,0.0,0.0,36479.03838095833,58256.0769776086,58256.0769776086,0.0,2614.5382236352625,16497.0681308399,13869.678160199888,0,0,3723.5693054538397,3160.1771118765423,2885.463713234567,10800.0,830.5432866666671,823.0083333333333,1.1368683772161603e-13,0.14935419987887144
2025-05-15,36573.23897844348,0.0,0.0,36573.23897844348,58766.73476754322,58766.73476754322,0.0,2940.9266005487016,18442.87665505185,15382.126771390664,0,0,3160.1771118765423,2667.5141332113526,2220.295258822464,10800.0,833.3333333333333,794.4888888888887,0.0,0.11672409996390343
2025-05-16,14727.630587606545,0.0,0.0,14727.630587606545,36370.38608842665,36370.38608842665,0.0,22351.487169163236,22628.27049437585,11324.878108445773,0,0,2667.5141332113526,10449.75967987654,1662.5002589629637,10800.0,833.3333333333333,566.1133333333332,5.684341886080802e-14,0.0827643999364227
2025-05-17,12095.0646313875,0.0,0.0,12095.0646313875,28093.835205799813,28093.835205799813,0.0,15041.981034430726,19933.425607681755,17330.370519646,0,0,10449.75967987654,9133.875482739013,1706.1832280476553,10800.0,833.3333333333333,593.3274333333333,0.0,0.06790930009447038
2025-05-18,32824.76953506758,0.0,34.42846500000008,32859.198000067576,50425.70011939532,50425.70011939532,5.236666666666679,260.3785165106434,12880.774394238677,16386.384224687332,1,0,9133.875482739013,2519.4788545679044,2258.471873555559,10800.0,803.8271666666665,833.3333333333333,1.1368683772161603e-13,0.10719929984770715
2025-05-19,35527.81497762156,0.0,444.92296944444405,35972.737947066,58032.17490403812,58032.17490403812,64.06038888888884,7081.782600752944,18051.028198740736,14551.792056566668,2,0,2519.4788545679044,2596.7463928049365,2246.3903442592573,10800.0,833.3333333333333,833.3333333333333,0.0,0.09980749990791082
2025-05-20,34111.59425490191,0.0,6349.727651801805,40461.32190670371,55435.98242718821,55435.98242718821,977.3828709662506,13.961483333333376,15799.798934894845,13927.789936740379,5,0,2596.7463928049365,1341.2432822765436,1200.0,9435.636469965313,833.3333333333333,831.5733333333333,1.1368683772161603e-13,0.14181319996714592
2025-05-21,35722.69007611535,0.0,1256.4760595816851,36979.166135697036,58184.232995582686,58184.232995582686,260.99675095846254,3611.6581236488373,17956.902991503426,14485.946651944441,6,0,1341.2432822765436,1406.9596946913587,1200.0,10800.0,833.3333333333333,795.3666666666666,0.0,0.12471859995275736
2025-05-22,36274.07034604506,0.0,0.0,36274.07034604506,59365.358636076126,59365.358636076126,0.0,2446.418464985017,19934.200454049744,13831.891099625296,0,0,1406.9596946913587,3978.9722148635833,1406.9596946913587,10800.0,833.3333333333333,784.8706444444443,0.0,0.15213089995086193
2025-05-23,13861.263235815906,0.0,0.0,13861.263235815906,34617.753767645,34617.753767645,0.0,17737.072764232515,22741.090070823044,12281.357950743894,0,0,3978.9722148635833,10800.0,1338.0451902413593,10800.0,833.3333333333333,551.3140666666666,0.0,0.09091580007225275
2025-05-24,11935.010726800909,0.0,0.0,11935.010726800909,28059.123707471914,28059.123707471914,0.0,20935.763406962004,20323.4967101453,16954.637792968722,0,0,10800.0,10252.660602498858,1662.1973391358013,10800.0,833.3333333333333,551.4284333333334,0.0,0.08382990001700819
2025-05-25,32141.90233919219,0.0,4.889612288889083,32146.79195148108,49729.730814997056,49729.730814997056,0.7537555555555855,4520.800459796799,13920.26993700739,17255.596009584915,1,0,10252.660602498858,3608.0190907111623,1899.4452462049892,10800.0,833.3333333333333,833.3333333333333,0.0,0.11825069994665682
2025-05-26,33551.961383676695,0.0,13505.93596088533,47057.89734456202,53674.512691108306,53674.512691108306,2100.215523287065,80.65652888888917,15546.711136736096,14432.472401229614,7,0,3608.0190907111623,1563.9786679629628,1200.0,9281.006818530863,833.3333333333333,824.9333333333334,1.1368683772161603e-13,0.16139649995602667
2025-05-27,35421.97039728783,0.0,0.0,35421.97039728783,58298.15687484373,58298.15687484373,0.0,4632.012796390499,19983.604312608782,15707.827534155555,0,0,1563.9786679629628,2096.0808446935835,1538.8133161111111,10800.0,833.3333333333333,806.626861111111,0.0,0.1809781000483781
2025-05-28,34477.86910752933,0.0,0.0,34477.86910752933,55320.3109086325,55320.3109086325,0.0,94.78461111111164,18375.825862704653,15424.12366518327,0,0,2096.0808446935835,1496.408937590801,1351.8755624673454,10186.715720090735,833.3333333333333,819.2961833333334,0.0,0.14764329977333546
2025-05-29,35118.22542660883,0.0,10530.459457821236,45648.68488443006,57010.34648728595,57010.34648728595,1567.58642341866,171.90295444444484,18740.260063641505,14444.353607381337,6,0,1496.408937590801,2313.3612088888885,1200.0,9459.635439115069,833.3333333333333,833.3333333333333,1.1368683772161603e-13,0.14305979991331697
2025-05-30,14368.89996039115,0.0,0.0,14368.89996039115,35146.13148624266,35146.13148624266,0.0,18204.4624381893,22397.20938652222,12051.773605135528,0,0,2313.3612088888885,9079.990095497189,1778.7689455778084,10800.0,833.3333333333333,541.2109166666667,0.0,0.10979120014235377
2025-05-31,11345.380486517728,0.0,0.0,11345.380486517728,29274.87564979912,29274.87564979912,0.0,16495.111474770532,22841.44335641036,18450.860731381774,0,0,9079.990095497189,9136.332748064548,1429.8371004938338,10800.0,833.3333333333333,698.5183333333332,0.0,0.09880889998748899
2025-06-01,35362.585628261026,0.0,88817.24287311302,124179.82850137405,49679.324284751725,49679.324284751725,15034.805115078521,0.0,3326.3293320438975,9837.02623221365,63,0,9136.332748064548,1200.0,1200.0,9136.332748064548,761.5206071467808,620.8420833333334,1.1368683772161603e-13,0.15862030000425875
2025-06-02,44566.583836159734,0.0,41796.90499726805,86363.48883342778,67461.71867177179,67461.71867177179,6372.502940331575,1289.1254544444437,18980.27379323404,15075.985085575125,26,0,1200.0,1531.1518743827169,1200.0,9535.057199140123,833.3333333333333,779.2093611111109,0.0,0.10857259994372725
2025-06-03,51522.954744532704,0.0,3512.435651236973,55035.390395769675,74679.03825533608,74679.03825533608,659.7793780222191,792.6868655555555,21984.880565613865,15631.116631144445,8,0,1531.1518743827169,3949.6370154969227,1200.0,10436.989378080252,833.3333333333333,833.3333333333333,1.1368683772161603e-13,0.11023430014029145
2025-06-04,54594.5721222797,0.0,0.0,54594.5721222797,77117.30852243415,77117.30852243415,0.0,1872.0812500947877,20367.49191279491,14767.525457122223,0,0,3949.6370154969227,5872.018117987654,3570.7112302222226,10800.0,833.3333333333333,778.3016388888889,0.0,0.08151110005564988
2025-06-05,56077.824963463936,0.0,0.0,56077.824963463936,77289.47011565515,77289.47011565515,0.0,1918.9805194369942,19276.659521838137,15055.487942286647,0,0,5872.018117987654,6492.691751767924,2884.9026429876526,10800.0,833.3333333333333,790.3665333333331,1.1368683772161603e-13,0.07364699989557266
2025-06-06,15630.162862891146,0.0,11270.961831387967,26901.12469427911,30143.65142829227,30143.65142829227,2234.8605229111095,2166.419333333336,14574.299157105619,15217.201939235576,16,0,6492.691751767924,2701.55883845679,1200.0,10800.0,766.1468588888888,633.1102333333332,0.0,0.07508049998432398
2025-06-07,19555.105405313385,0.0,0.0,19555.105405313385,37781.98067036831,37781.98067036831,0.0,2722.198468024687,16495.723988065845,12562.454952388889,0,0,2701.55883845679,3589.427147283951,1699.623339765431,10800.0,833.3333333333333,695.8816666666667,0.0,0.11841180012561381
2025-06-08,61471.65890496726,0.0,0.0,61471.65890496726,87511.87688785515,87511.87688785515,0.0,17765.336279080926,14811.378597636058,10249.761255528514,0,0,3589.427147283951,5531.044267902503,3589.427147283951,10800.0,833.3333333333333,777.3135388888888,1.1368683772161603e-13,0.10015650000423193
2025-06-09,61503.06462547561,0.0,0.0,61503.06462547561,84932.3744321311,84932.3744321311,0.0,10136.07906711934,17594.68657051042,13731.103938831999,0,0,5531.044267902503,6109.4800271041,4090.5867226287924,10800.0,833.3333333333333,761.6227777777776,0.0,0.12750199995934963
2025-06-10,61313.46394231824,0.0,0.0,61313.46394231824,84702.41257248077,84702.41257248077,0.0,9767.317656122908,17682.32171854894,14365.671035524416,0,0,6109.4800271041,6061.712867659906,4441.580570133364,10800.0,833.3333333333333,761.3976677777777,1.1368683772161603e-13,0.09231390012428164
2025-06-11,61459.2236304587,0.0,0.0,61459.2236304587,84942.3787296348,84942.3787296348,0.0,4709.573082633286,21019.97127331341,16871.611942978554,0,0,6061.712867659906,6233.451521443576,1802.732643370368,10800.0,833.3333333333333,772.7967833333333,0.0,0.14347999985329807
2025-06-12,60389.691167857294,0.0,0.0,60389.691167857294,83026.45880455377,83026.45880455377,0.0,5648.826557558292,18383.045599681318,13457.804786019171,0,0,6233.451521443576,7825.076132246571,5077.217339864198,10800.0,833.3333333333333,779.3233333333333,0.0,0.08205880015157163
2025-06-13,18349.770266519303,0.0,0.0,18349.770266519303,34155.80505947809,34155.80505947809,0.0,4475.270653360774,14959.723867128116,13624.5031610108,0,0,7825.076132246571,6150.490767094319,2330.8429683209906,10800.0,833.3333333333333,637.9376166666666,0.0,0.07702189986594021
2025-06-14,20211.108560690336,0.0,0.0,20211.108560690336,36528.947287724164,36528.947287724164,0.0,8822.341590000004,14123.96793438683,12610.704986662668,0,0,6150.490767094319,4850.167478417286,3069.9152105679004,10800.0,833.3333333333333,655.4149666666666,0.0,0.08933919994160533
2025-06-15,58171.72371100035,0.0,0.0,58171.72371100035,81715.13200748657,81715.13200748657,0.0,7306.7334069307235,16460.19420692251,12678.769939700007,0,0,4850.167478417286,5576.8201094253145,4284.279262972226,10800.0,833.3333333333333,775.7351833333335,0.0,0.11796519998461008
2025-06-16,58679.052504563595,0.0,0.0,58679.052504563595,81025.20791512399,81025.20791512399,0.0,4937.33091056241,16816.494175517142,13422.669987622225,0,0,5576.8201094253145,5797.587103366048,4300.088556345675,10800.0,833.3333333333333,800.1583333333334,0.0,0.1177806998603046
2025-06-17,54828.56769167623,0.0,0.0,54828.56769167623,77539.46568789959,77539.46568789959,0.0,3055.922715892465,17192.01556475158,17345.48380941111,0,0,5797.587103366048,1997.6413234079007,1270.05288543753,10800.0,833.3333333333333,831.3805555555557,1.1368683772161603e-13,0.10277080000378191
2025-06-18,55221.038251516635,0.0,0.0,55221.038251516635,78708.60502113908,78708.60502113908,0.0,3283.4531957750264,19047.07206902552,14550.311143661456,0,0,1997.6413234079007,2972.993803684801,1997.6413234079007,10800.0,833.3333333333333,807.8534555555555,1.1368683772161603e-13,0.09887719992548227
2025-06-19,53375.60673150417,0.0,226.3003733000023,53601.90710480417,76890.34123253427,76890.34123253427,32.09817000000032,4751.935842375957,19211.922022033865,15300.922661875551,2,0,2972.993803684801,3262.6984436535577,2499.9977988765454,10800.0,833.3333333333333,833.3333333333333,1.1368683772161603e-13,0.17170989979058504
2025-06-20,17992.02144403439,0.0,0.0,17992.02144403439,36142.467569734705,36142.467569734705,0.0,9169.91213723594,16746.57188842387,12174.5973059251,0,0,3262.6984436535577,4807.2828033182595,1862.452411234569,10800.0,833.3333333333333,636.115,0.0,0.08466570009477437
2025-06-21,17049.61876349472,0.0,0.0,17049.61876349472,34334.1940654175,34334.1940654175,0.0,11508.297839657984,17455.37237728395,13964.216551524429,0,0,4807.2828033182595,5001.321774513338,1269.9521231851854,10800.0,833.3333333333333,667.4907,5.684341886080802e-14,0.09480830002576113
2025-06-22,49336.53385927453,0.0,0.0,49336.53385927453,71500.48484555926,71500.48484555926,0.0,1625.8953158877875,20467.98244991985,18050.734020248376,0,0,5001.321774513338,3366.134845831887,2688.354584459507,10800.0,833.3333333333333,821.8614866666665,0.0,0.11851050006225705
2025-06-23,48125.21932787156,0.0,0.0,48125.21932787156,70755.19249529166,70755.19249529166,0.0,1277.990425747601,19595.404532918925,17179.488463374862,0,0,3366.134845831887,1913.6784105979555,1631.818182944603,10800.0,833.3333333333333,814.8828444444442,1.1368683772161603e-13,0.21384160011075437
2025-06-24,48574.10415125941,0.0,57177.8955813963,105751.9997326557,70219.37781686144,70219.37781686144,8706.85684736708,82.94225666666694,16119.994022839239,13545.493865277384,25,0,1913.6784105979555,1371.124291956173,1200.0,9945.720421950618,833.3333333333333,809.1327755555552,1.1368683772161603e-13,0.16494139982387424
2025-06-25,49657.47514162625,0.0,8399.390859786152,58056.8660014124,73385.9740016967,73385.9740016967,1226.2324159666637,290.3699700000004,19737.652814906563,15853.237733909877,4,0,1371.124291956173,1520.3032321388887,1200.0,9916.606196617275,833.3333333333333,833.3333333333333,1.1368683772161603e-13,0.14924539998173714
2025-06-26,50304.40197717339,0.0,311.46724284999823,50615.869220023385,75555.89804671741,75555.89804671741,44.38934444444419,3110.04335382527,22454.220942983808,17511.360738980555,3,0,1520.3032321388887,2272.034593068149,1496.1011790123457,10800.0,833.3333333333333,833.3333333333333,0.0,0.13769160001538694
2025-06-27,17734.439812298988,0.0,0.0,17734.439812298988,37193.268893064844,37193.268893064844,0.0,10537.535511013688,17785.465663574512,10901.378148190022,0,0,2272.034593068149,6166.311303407412,2105.455969611359,10800.0,833.3333333333333,641.4883333333332,0.0,0.09578990004956722
2025-06-28,15831.713675133324,0.0,0.0,15831.713675133324,32254.456358972744,32254.456358972744,0.0,8433.57652251029,16458.24552154019,14414.291801744399,0,0,6166.311303407412,4962.852493077583,1772.5973472592607,10800.0,833.3333333333333,628.0102833333333,0.0,0.08489120006561279
2025-06-29,49025.86307005024,0.0,53.74114300000056,49079.60421305024,70613.1024425508,70613.1024425508,7.777300000000082,310.53778581030286,17466.32326836143,16423.749844954265,1,0,4962.852493077583,2433.9324957647923,2083.460535147508,10800.0,833.3333333333333,833.3333333333333,0.0,0.18391050002537668
2025-06-30,48533.9036496934,0.0,3452.7243275223764,51986.62797721577,72396.61567012513,72396.61567012513,564.9058907752074,454.49025222222326,19683.61353438469,17054.266209039903,5,0,2433.9324957647923,1200.0,1200.0,10367.059996634318,833.3333333333333,833.3333333333333,0.0,0.14691919996403158
2025-07-01,54160.98847461428,0.0,54289.619941804514,108450.60841641879,74262.5132411469,74262.5132411469,8601.864810131789,373.2655044444448,19076.67638684695,15452.107873346034,44,0,1200.0,1200.0,1200.0,8635.634494162687,833.3333333333333,833.3333333333333,0.0,0.16286769998259842
2025-07-02,59328.855835422204,0.0,7217.260673402115,66546.11650882431,81439.88842673156,81439.88842673156,1136.8540651605501,5306.065465767496,20853.722788375173,16487.81212891722,21,0,1200.0,1648.559255185185,1200.0,10800.0,833.3333333333333,833.3333333333333,1.1368683772161603e-13,0.12563390005379915
2025-07-03,64801.596248604554,0.0,601.6839214408869,65403.280170045444,84782.60515129508,84782.60515129508,106.93694764064746,350.2212288888884,21273.33491077286,16494.432974059357,3,0,1648.559255185185,2467.412925925926,1200.0,9777.31271352274,833.3333333333333,811.2711111111109,0.0,0.11696329992264509
2025-07-04,21094.68973531948,0.0,15514.751137869293,36609.440873188774,36820.485727064464,36820.485727064464,3490.687339240468,9760.98953333333,14223.806012716052,12554.489946411111,30,0,2467.412925925926,1319.4050635802469,1200.0,10800.0,833.3333333333333,779.2083333333333,0.0,0.10400549997575581
2025-07-05,25027.214246187403,0.0,0.0,25027.214246187403,43284.73635490336,43284.73635490336,0.0,10372.18933674897,17130.60760619273,13008.140554705,0,0,1319.4050635802469,2283.462403925925,1207.6494330740752,10800.0,806.0831871056239,773.8133333333333,0.0,0.08119369996711612
2025-07-06,66629.0673614351,0.0,5748.702981045805,72377.7703424809,86418.60939394363,86418.60939394363,648.435280699995,2440.2461160768194,20759.705315266805,15926.888306700002,1,0,2283.462403925925,3270.6546246660496,1200.0,10800.0,833.3333333333333,786.9529055555555,0.0,0.08916400000452995
2025-07-07,65793.22759981986,0.0,0.0,65793.22759981986,85495.5190963228,85495.5190963228,0.0,6666.909940845411,17637.288171554486,12218.161782743766,0,0,3270.6546246660496,5568.478664905346,3270.6546246660496,10800.0,833.3333333333333,751.5564333333334,0.0,0.11473969998769462
2025-07-08,65204.9662527402,0.0,0.0,65204.9662527402,83083.4214586278,83083.4214586278,0.0,4084.4243315361855,18170.172832691762,14742.562722266806,0,0,5568.478664905346,5541.008967364813,2789.2591567901236,10800.0,833.3333333333333,752.1327777777777,0.0,0.10565869999118149
2025-07-09,64396.6360242511,0.0,0.0,64396.6360242511,82568.1086201037,82568.1086201037,0.0,4650.714438120711,18378.382777603714,14519.713612287385,0,0,5541.008967364813,5948.538342444392,3679.644427989324,10800.0,833.3333333333333,788.0038888888888,0.0,0.08095490001142025
2025-07-10,64188.696685874274,0.0,0.0,64188.696685874274,81941.11340137015,81941.11340137015,0.0,6280.222562908144,16515.622873058295,13708.35541792963,0,0,5948.538342444392,5581.092908275046,3370.9256510288037,10800.0,833.3333333333333,755.840672222222,1.1368683772161603e-13,0.10234809992834926
2025-07-11,26630.71166746752,0.0,0.0,26630.71166746752,42991.27483788616,42991.27483788616,0.0,8621.159449293276,13860.413133137467,12009.074894544581,0,0,5581.092908275046,4712.048178604785,2414.962062765432,10800.0,833.3333333333333,740.9250666666666,0.0,0.12576119997538626
2025-07-12,27764.066423445667,0.0,0.0,27764.066423445667,46254.01338308284,46254.01338308284,0.0,11889.804965180658,15666.216887613167,12386.251803044304,0,0,4712.048178604785,5049.141374074076,2123.121387901235,10800.0,833.3333333333333,737.2233333333331,0.0,0.09210909996181726
2025-07-13,62583.74767110111,0.0,0.0,62583.74767110111,82296.54600333127,82296.54600333127,0.0,9784.116208613847,15829.414849439647,12584.705454722221,0,0,5049.141374074076,5312.60867776728,3486.329041234566,10800.0,833.3333333333333,816.789528888889,0.0,0.09880009992048144
2025-07-14,62132.75353821833,0.0,0.0,62132.75353821833,81240.22904348743,81240.22904348743,0.0,6129.882522703781,18278.71740895199,14976.050104834994,0,0,5312.60867776728,5123.398673785186,2879.0579824567903,10800.0,833.3333333333333,778.4910000000001,0.0,0.13699200004339218
2025-07-15,60026.182865286144,0.0,0.0,60026.182865286144,79006.01473759601,79006.01473759601,0.0,3377.668705752944,18038.30202388751,15159.00657537777,0,0,5123.398673785186,4514.52985597531,2969.9227740740757,10800.0,833.3333333333333,792.1188888888887,1.1368683772161603e-13,0.12135749985463917
2025-07-16,58098.753216247234,0.0,411.5170975255552,58510.27031377279,76303.26025607047,76303.26025607047,49.12204666666662,2689.7305998353927,17214.220272629223,15686.13195306081,2,0,4514.52985597531,2578.292597940706,2267.4744220765083,10800.0,833.3333333333333,833.3333333333333,1.1368683772161603e-13,0.1236801000777632
2025-07-17,57342.89131736748,0.0,570.2117324539545,57913.10304982144,76705.17011389401,76705.17011389401,102.0925450555576,796.1005523456777,21523.053681780566,18232.30764184334,3,0,2578.292597940706,1690.9213094950592,1200.0,10306.035515542846,833.3333333333333,833.3333333333333,0.0,0.1239966000430286
2025-07-18,24615.26680583581,0.0,0.0,24615.26680583581,42817.509168257544,42817.509168257544,0.0,7521.789417948007,14891.204434855084,10869.732784545551,0,0,1690.9213094950592,3015.5244291473546,1690.9213094950592,10800.0,833.3333333333333,742.04435,0.0,0.0725030000321567
2025-07-19,23532.347698952166,0.0,0.0,23532.347698952166,41182.18904007001,41182.18904007001,0.0,11944.396058696842,16318.70489489712,14263.730963523954,0,0,3015.5244291473546,1853.768875083702,1594.2863668120979,10800.0,833.3333333333333,811.3433333333334,5.684341886080802e-14,0.07433139998465776
2025-07-20,59074.37981677835,0.0,0.0,59074.37981677835,80153.78650485596,80153.78650485596,0.0,3901.854195965482,19238.68343980186,15076.729347578033,0,0,1853.768875083702,2416.6624735964506,1724.0464340343192,10800.0,833.3333333333333,832.426788888889,1.1368683772161603e-13,0.1323549000080675
2025-07-21,59715.430300787455,0.0,0.0,59715.430300787455,79019.86958530679,79019.86958530679,0.0,1378.8512751440242,19631.56925699175,15980.300296828977,0,0,2416.6624735964506,2329.185586190156,1851.0670549555884,10800.0,833.3333333333333,826.8433333333334,0.0,0.10010979999788105
2025-07-22,57656.374540519784,0.0,204.13117661111139,57860.505717130894,77695.22319691327,77695.22319691327,24.083138888888925,809.1177013691978,20168.412930792045,17053.368913025744,2,0,2329.185586190156,1532.5695427632868,1397.8986156172834,10282.105751208963,833.3333333333333,833.3333333333333,0.0,0.16200720006600022
2025-07-23,57907.41967458742,0.0,2025.1305332448767,59932.5502078323,78322.68549391144,78322.68549391144,293.1568072128853,556.0119133333341,21301.943593302112,17458.660322177784,4,0,1532.5695427632868,1305.8073076487653,1200.0,10483.87540591359,833.3333333333333,827.0322222222222,1.1368683772161603e-13,0.12788110016845167
2025-07-24,58419.162612969376,0.0,0.0,58419.162612969376,78305.84882157642,78305.84882157642,0.0,226.89500197531186,20357.459105668142,15894.977286067024,0,0,1305.8073076487653,1966.434629342287,1305.8073076487653,10800.0,833.3333333333333,806.2755555555556,1.1368683772161603e-13,0.1591088001150638
2025-07-25,24151.645945706492,0.0,0.0,24151.645945706492,42477.219274773684,42477.219274773684,0.0,12579.850353262129,15012.16284196086,11620.11348711597,0,0,1966.434629342287,2566.1439792004276,1638.586058423458,10800.0,833.3333333333333,714.62075,0.0,0.11228090012446046
2025-07-26,23573.257788241706,0.0,0.0,23573.257788241706,41879.13509658825,41879.13509658825,0.0,10446.66538865073,18530.668081848635,15567.289940577775,0,0,2566.1439792004276,1946.7564300000033,1567.46783579302,10800.0,833.3333333333333,775.2533333333333,0.0,0.1261966999154538
2025-07-27,58271.30196434967,0.0,3734.7780942913073,62006.080058640975,78213.60878882668,78213.60878882668,680.4893173666649,935.5895529965204,21575.366934954043,17302.04818175722,4,0,1946.7564300000033,2140.0886917283947,1200.0,10800.0,833.3333333333333,829.5544444444446,0.0,0.19186359993182123
2025-07-28,58207.88388524771,0.0,23081.852259313637,81289.73614456135,77924.43742695381,77924.43742695381,2881.541924537783,155.45830222222207,18604.080273831598,15908.43645789555,12,0,2140.0886917283947,1207.7204294040018,1200.0,10184.65817185185,833.3333333333333,794.3352633333334,1.1368683772161603e-13,0.16438789991661906
2025-07-29,58820.18952418168,0.0,8517.509841235431,67337.69936541711,79435.58424663654,79435.58424663654,1007.325027866662,259.2628377777777,20290.132469076256,16175.73198235083,6,0,1207.7204294040018,1495.804115627265,1200.0,10166.084743913581,833.3333333333333,833.3333333333333,1.1368683772161603e-13,0.12716299993917346
2025-07-30,60127.82888022944,0.0,0.0,60127.82888022944,80052.69896116125,80052.69896116125,0.0,1418.1624658503447,20477.238738969638,15945.956293658719,0,0,1495.804115627265,2207.5897655235835,1495.804115627265,10800.0,833.3333333333333,830.2808666666666,0.0,0.13264289987273514
2025-07-31,59171.4584643374,0.0,290.74982298555665,59462.20828732295,79739.45803025206,79739.45803025206,35.08559333333346,1143.1848112184912,20499.412652109997,16563.050106409748,2,0,2207.5897655235835,2253.672145300638,1899.6507223685403,10800.0,833.3333333333333,833.3333333333333,1.1368683772161603e-13,0.14961670013144612
2025-08-01,24062.932482367894,0.0,0.0,24062.932482367894,42229.87269769824,42229.87269769824,0.0,17605.405646410774,15696.69819405699,12323.590809436177,0,0,2253.672145300638,2687.8218428006194,2129.818285469138,10800.0,833.3333333333333,725.0833333333333,0.0,0.08359930012375116
2025-08-02,22993.006579500576,0.0,0.0,22993.006579500576,40897.41231230537,40897.41231230537,0.0,17343.875313593962,15595.663337490398,12969.151272112322,0,0,2687.8218428006194,2313.750766417175,1722.7455000617288,10800.0,833.3333333333333,816.2366666666667,0.0,0.08904029987752438
2025-08-03,55008.23271474222,0.0,533.7577570127776,55541.990471754994,75993.85834044729,75993.85834044729,64.01440555555553,10738.942492277078,17427.04565439244,14947.595384,4,0,2313.750766417175,1389.652539814815,1389.652539814815,10800.0,833.3333333333333,833.3333333333333,1.1368683772161603e-13,0.14099560002796352
2025-08-04,54691.08033788488,0.0,0.0,54691.08033788488,74649.46713660874,74649.46713660874,0.0,4879.50308911849,18803.21205989026,14448.903095733333,0,0,1389.652539814815,2258.2066206790105,1389.652539814815,10800.0,833.3333333333333,809.3424277777777,1.1368683772161603e-13,0.14961709990166128
2025-08-05,53343.21874159068,0.0,95.00997451111155,53438.228716101796,72176.28346382921,72176.28346382921,11.67485555555561,3240.145065260622,18389.873357846373,14594.369837055558,1,0,2258.2066206790105,2593.126157123459,2124.653369074072,10800.0,833.3333333333333,833.3333333333333,1.1368683772161603e-13,0.11819629999808967
2025-08-06,52504.57712448611,0.0,9143.704540687053,61648.28166517316,69540.33081485826,69540.33081485826,1113.4269455115007,152.33329444444473,17342.88712615374,14955.861926895082,6,0,2593.126157123459,1584.1002074450626,1200.0,10524.409493525405,833.3333333333333,814.7817833333332,1.1368683772161603e-13,0.13098340015858412
2025-08-07,52305.279502290185,0.0,173.73271293499897,52479.012215225186,71041.57318390055,71041.57318390055,20.182521111110987,2896.133559451305,20438.51828293484,15660.881387374486,2,0,1584.1002074450626,2577.7873427814384,1386.7758540123457,10800.0,833.3333333333333,833.3333333333333,0.0,0.1244747000746429
2025-08-08,22304.101940035347,0.0,0.0,22304.101940035347,39774.22546068537,39774.22546068537,0.0,20870.03766358121,15120.550393490394,11991.533846386228,0,0,2577.7873427814384,2862.356200938095,1626.7397785802473,10800.0,833.3333333333333,720.2655166666666,0.0,0.08074770006351173
2025-08-09,22121.87982538133,0.0,0.0,22121.87982538133,39452.259079483,39452.259079483,0.0,18004.744675547827,16677.005472081615,14151.420068146443,0,0,2862.356200938095,2147.8610500932787,1563.87513154321,10800.0,833.3333333333333,764.66,5.684341886080802e-14,0.08012759988196194
2025-08-10,51256.03256250964,0.0,3588.0609628164602,54844.0935253261,67714.3887317454,67714.3887317454,428.9876897803921,134.1028966666671,17271.81371028524,14567.159235426105,4,0,2147.8610500932787,1506.760905543206,1200.0,10036.1064865432,833.3333333333333,833.3333333333333,0.0,0.09728979994542897
2025-08-11,50264.173579175695,0.0,114.63244944444648,50378.80602862014,69055.53347854382,69055.53347854382,13.44944444444468,291.2476855555558,21494.107684251805,17277.625780152433,2,0,1506.760905543206,1654.0958434226895,1404.9484659664324,10406.661839962968,833.3333333333333,833.3333333333333,1.1368683772161603e-13,0.10245809983462095
2025-08-12,51136.16059167222,0.0,23526.378838397744,74662.53943006997,68110.57184028096,68110.57184028096,2853.1569640812904,119.26635931412818,16457.947379354897,13374.02858430678,6,0,1654.0958434226895,1606.2167245012345,1200.0,9448.005639469135,833.3333333333333,833.3333333333333,1.1368683772161603e-13,0.11870380002073944
2025-08-13,52616.54538935349,0.0,0.0,52616.54538935349,70866.80012164116,70866.80012164116,0.0,159.81447256515605,19243.95307518424,14657.946876108235,0,0,1606.2167245012345,2639.166852046791,1606.2167245012345,10691.43825820668,833.3333333333333,792.8906777777777,0.0,0.10891940002329648
2025-08-14,52155.05354558472,0.0,3421.5439691227994,55576.59751470752,70485.2687381164,70485.2687381164,627.9382150111089,2049.028774979427,20234.56997321275,17096.68277839801,4,0,2639.166852046791,1853.9656297182585,1200.0,10800.0,833.3333333333333,833.1822222222222,0.0,0.11525269993580878
2025-08-15,22542.26228669119,0.0,404.83816610311385,22947.100452794304,39568.79251816099,39568.79251816099,132.26056034444355,19572.88618379012,14285.419012607283,11316.979001225312,2,0,1853.9656297182585,2136.4216285922457,1200.0,10800.0,823.7203,707.0260333333333,0.0,0.12273319996893406
2025-08-16,22365.007745138064,0.0,0.0,22365.007745138064,40080.108405875784,40080.108405875784,0.0,20308.594896963405,16773.182080005055,13930.948937759338,0,0,2136.4216285922457,1753.453347530861,1621.9593000617288,10800.0,833.3333333333333,731.895,5.684341886080802e-14,0.14102770015597343
2025-08-17,51539.705436501616,0.0,64.77252980555419,51604.47796630717,69962.80027268626,69962.80027268626,7.699557777777613,2886.556142328495,20379.87635184338,16461.32628037451,1,0,1753.453347530861,1804.9795304404433,1753.453347530861,10800.0,833.3333333333333,833.3333333333333,1.1368683772161603e-13,0.11292300000786781
2025-08-18,51561.97486802754,0.0,431.6004916666677,51993.5753596942,68814.30193305845,68814.30193305845,51.60833333333346,593.2621132921809,20070.292868575503,16191.76033214256,1,0,1804.9795304404433,1877.3982986666656,1756.8277464898258,10800.0,833.3333333333333,833.3333333333333,0.0,0.13883939990773797
2025-08-19,51296.72841029801,0.0,726.9192082777795,52023.64761857579,68342.64424930103,68342.64424930103,86.09931111111132,771.0070436592754,18759.71984808277,15419.643381329905,3,0,1877.3982986666656,1628.2090715745956,1599.3243394147207,10800.0,833.3333333333333,833.3333333333333,1.1368683772161603e-13,0.1369070999789983
2025-08-20,51600.006874369545,0.0,40099.5539824374,91699.56085680694,68443.92640802659,68443.92640802659,5122.893507787576,98.40105444444441,16312.982693030232,13495.254898327177,13,0,1628.2090715745956,1315.1658304938278,1200.0,10426.446356728393,833.3333333333333,775.2951633333334,0.0,0.1442410999443382
2025-08-21,52208.050611925835,0.0,0.0,52208.050611925835,70815.22564589536,70815.22564589536,0.0,619.0953183010012,19192.145059561044,14840.433215300003,0,0,1315.1658304938278,2098.726144876544,1315.1658304938278,10800.0,833.3333333333333,818.2459000000001,0.0,0.11930410005152225
2025-08-22,22846.429563665755,0.0,0.0,22846.429563665755,40279.89477781441,40279.89477781441,0.0,16777.22654002913,14339.582365473963,12067.483527688688,0,0,2098.726144876544,1596.0352430378987,1376.0457092953075,10800.0,833.3333333333333,751.1733333333333,1.1368683772161603e-13,0.08557279990054667
2025-08-23,23231.17286513558,0.0,0.0,23231.17286513558,42452.71649017841,42452.71649017841,0.0,15327.358938687525,16020.857213956095,11425.50581246521,0,0,1596.0352430378987,3319.8002773037038,1527.4312382759663,10800.0,833.3333333333333,736.28,0.0,0.12687239982187748
2025-08-24,52472.711236107134,0.0,0.0,52472.711236107134,69794.95717248833,69794.95717248833,0.0,3858.402725715363,18186.92272958025,15983.957766140607,0,0,3319.8002773037038,1928.0776604363687,1866.1236340166147,10800.0,833.3333333333333,808.7216666666666,0.0,0.17075629997998476
2025-08-25,53274.6013622833,0.0,19058.414407220545,72333.01576950384,71288.09912669192,71288.09912669192,2260.4809055737296,88.01492000000019,17093.67889940452,14406.20080380554,4,0,1928.0776604363687,1305.4988878942784,1200.0,10235.211121504512,833.3333333333333,809.4566833333333,1.1368683772161603e-13,0.14149180008098483
2025-08-26,54013.990554047596,0.0,0.0,54013.990554047596,74645.24204982043,74645.24204982043,0.0,4282.218527992038,20947.282199243666,16113.077060748596,0,0,1305.4988878942784,2254.6339108262496,1305.4988878942784,10800.0,833.3333333333333,825.2418533333333,1.1368683772161603e-13,0.1457168001215905
2025-08-27,53538.68227471324,0.0,0.0,53538.68227471324,73314.56627325247,73314.56627325247,0.0,1680.3371514109954,21269.254978276185,17549.174723101372,0,0,2254.6339108262496,1897.880365606623,1324.2561975061692,10800.0,833.3333333333333,811.4205555555554,1.1368683772161603e-13,0.1513787000440061
2025-08-28,54088.57293580204,0.0,3557.8073688334416,57646.38030463548,73807.37527826811,73807.37527826811,555.0373831914962,174.85395555555556,20105.54099228986,16685.777269719136,12,0,1897.880365606623,1453.1147367573499,1200.0,9861.045524864197,833.3333333333333,826.7816666666663,1.1368683772161603e-13,0.18733259988948703
2025-08-29,23685.906187496686,0.0,0.0,23685.906187496686,42375.800600173854,42375.800600173854,0.0,15669.430242101273,16644.671707617035,12493.521699544443,0,0,1453.1147367573499,2551.628496341081,1453.1147367573499,10800.0,833.3333333333333,729.1532333333332,0.0,0.12885989993810654
2025-08-30,23149.392403079848,0.0,0.0,23149.392403079848,41109.98871319744,41109.98871319744,0.0,20354.516782489267,15753.53216885165,13510.780071476813,0,0,2551.628496341081,1717.8295911111113,1644.9519454819072,10800.0,833.3333333333333,738.64,0.0,0.12115220003761351
2025-08-31,53805.28933656527,0.0,0.0,53805.28933656527,74306.16726171158,74306.16726171158,0.0,3452.1753239832137,19859.768080655176,15652.399226260137,0,0,1717.8295911111113,2200.066167856171,1639.434111049383,10800.0,833.3333333333333,820.0951277777776,0.0,0.15565559989772737
2025-09-01,48468.98599643669,0.0,0.0,48468.98599643669,74251.556046463,74251.556046463,0.0,12248.337851607957,20489.50547199948,12060.421810477777,0,0,2200.066167856171,7240.1524143470615,2200.066167856171,10800.0,833.3333333333333,724.1748166666665,1.1368683772161603e-13,0.1591167999431491
2025-09-02,42025.789992034624,0.0,0.0,42025.789992034624,63235.75943047687,63235.75943047687,0.0,8193.31728242452,15639.542086241923,14654.855788189572,0,0,7240.1524143470615,5032.567193976375,2453.7087208623684,10800.0,833.3333333333333,758.8132888888889,1.1368683772161603e-13,0.16718170000240207
2025-09-03,40475.51358142561,0.0,0.0,40475.51358142561,60725.58197196583,60725.58197196583,0.0,3679.2371320425245,16762.23265597532,15263.605066052005,0,0,5032.567193976375,3159.0153998519295,2673.473662037035,10800.0,833.3333333333333,791.3278166666666,1.1368683772161603e-13,0.13879160000942647
2025-09-04,37719.35004141246,0.0,2467.2004835706935,40186.55052498315,58741.64352996714,58741.64352996714,358.56170510933083,2699.453695360794,20622.936423031468,18147.75043331578,5,0,3159.0153998519295,1555.491032451608,1200.0,10800.0,833.3333333333333,833.3333333333333,1.1368683772161603e-13,0.12130600004456937
2025-09-05,21654.178489873826,0.0,0.0,21654.178489873826,45311.61958971,45311.61958971,0.0,26734.04486363977,20320.830481625784,8567.517422222223,0,0,1555.491032451608,10324.774663445678,1555.491032451608,10800.0,833.3333333333333,588.7583333333333,0.0,0.11571999988518655
2025-09-06,16691.8254177756,0.0,0.0,16691.8254177756,33745.7890418329,33745.7890418329,0.0,23756.32024637502,16641.53485639233,14373.149760934448,0,0,10324.774663445678,9331.989633160496,3309.1462831975246,10800.0,833.3333333333333,588.4176,5.684341886080802e-14,0.08919390011578798
2025-09-07,34340.9840641502,0.0,2237.7799200117934,36578.763984162,50417.97710776146,50417.97710776146,380.06035067833,5.444388888888966,14334.528409917013,18502.918957032784,5,0,9331.989633160496,1674.2663609382676,1200.0,10053.191140900624,833.3333333333333,819.5363222222222,1.1368683772161603e-13,0.10955070005729795
2025-09-08,38121.858624960936,0.0,27019.20565173638,65141.06427669732,58212.49337072154,58212.49337072154,4203.849633192454,0.0,17257.089503991774,14236.31603341111,16,0,1674.2663609382676,1387.5179885185185,1200.0,8976.477541913582,832.859922222222,813.2083333333333,1.1368683772161603e-13,0.1282920001540333
2025-09-09,39457.98319441318,0.0,93.40916185000047,39551.39235626318,60244.35723567489,60244.35723567489,13.667300000000068,2825.404457613173,20228.817339602192,15899.031528207131,1,0,1387.5179885185185,1927.8630072636777,1387.5179885185185,10800.0,833.3333333333333,833.3333333333333,0.0,0.11787470011040568
2025-09-10,39605.177579550495,0.0,29424.04337685064,69029.22095640114,59153.686597497726,59153.686597497726,4697.508197944433,110.07043666666652,15634.373175143473,13209.247466367973,22,0,1927.8630072636777,1321.8572355950619,1200.0,8835.005517037043,833.3333333333333,833.3333333333333,0.0,0.11618239991366863
2025-09-11,41573.31776122835,0.0,40.549625833333664,41613.867387061684,64804.385002463634,64804.385002463634,6.071666666666715,5089.833826982163,21932.455611794237,15707.918552979429,1,0,1321.8572355950619,3607.8244495660674,1321.8572355950619,10800.0,833.3333333333333,833.3333333333333,1.1368683772161603e-13,0.13006539992056787
2025-09-12,17493.448433998507,0.0,0.0,17493.448433998507,38312.82007779688,38312.82007779688,0.0,18958.269325140194,20333.855039997285,12530.960487340595,0,0,3607.8244495660674,7985.0045551851845,1947.5241985061764,10800.0,833.3333333333333,583.2223166666666,0.0,0.09061910002492368
2025-09-13,14025.432222529525,0.0,0.0,14025.432222529525,30715.30790492878,30715.30790492878,0.0,20799.48082481072,17809.86304206582,15901.137445281092,0,0,7985.0045551851845,6345.950798287649,1400.702896953206,10800.0,833.3333333333333,571.3068333333333,0.0,0.07432749983854592
2025-09-14,39292.14401933773,0.0,5206.746228467833,44498.89024780556,57303.31653163429,57303.31653163429,845.9391504764465,24.21040555555544,13806.05365416763,15780.33312761244,5,0,6345.950798287649,1237.6956119135803,1200.0,9388.087896135801,833.3333333333333,817.9024000000001,0.0,0.11113920016214252
2025-09-15,42713.09746161114,0.0,7.876615533333644,42720.97407714448,65651.86359599835,65651.86359599835,1.1717666666667128,5820.175027902328,20771.090809484922,16005.261108055558,1,0,1237.6956119135803,2148.0538870549435,1237.6956119135803,10800.0,833.3333333333333,833.3333333333333,0.0,0.12087500002235174
2025-09-16,42084.09809790279,0.0,88.18761655000094,42172.28571445279,63345.37881854086,63345.37881854086,13.092750000000137,580.0981582990374,19356.495393575176,16069.891966666672,2,0,2148.0538870549435,1713.4642227540764,1713.4642227540764,10800.0,833.3333333333333,833.3333333333333,1.1368683772161603e-13,0.10830309987068176
2025-09-17,42360.55649506072,0.0,65.20453077976772,42425.76102584049,65226.21790563379,65226.21790563379,13.03404912221797,683.8295733317314,21342.501271053778,16747.197289629497,3,0,1713.4642227540764,2313.7183782252687,1200.0,10800.0,833.3333333333333,833.3333333333333,0.0,0.15462230006232858
2025-09-18,42140.2656873366,0.0,82.440691251112,42222.70637858771,65760.8884866726,65760.8884866726,12.324815555555688,2436.2529753212566,21225.837131725013,16844.927921484774,1,0,2313.7183782252687,2700.3852173502532,1743.2362384567923,10800.0,833.3333333333333,833.3333333333333,1.1368683772161603e-13,0.1494886998552829
2025-09-19,17224.87533596015,0.0,0.0,17224.87533596015,39487.2891282041,39487.2891282041,0.0,13392.24077004115,22957.049366812065,12963.353325315778,0,0,2700.3852173502532,8958.003730463573,1561.114653037038,10800.0,833.3333333333333,545.1881666666666,0.0,0.12565840012393892
2025-09-20,14757.08722880856,0.0,0.0,14757.08722880856,33135.080191874265,33135.080191874265,0.0,13836.798309026068,20350.309197601066,16697.461048086203,0,0,8958.003730463573,8720.547510430983,1447.7955031234574,10800.0,833.3333333333333,572.0883333333334,0.0,0.08461869996972382
2025-09-21,41337.065763498365,0.0,58.02559500000035,41395.091358498365,60157.512937162166,60157.512937162166,8.44500000000005,4960.663584661864,11629.745374382264,14711.938505215296,1,0,8720.547510430983,2840.7200082469126,1983.2544460246902,10800.0,833.3333333333333,833.3333333333333,0.0,0.15950100007466972
2025-09-22,44113.35421677683,0.0,0.0,44113.35421677683,65799.27952944537,65799.27952944537,0.0,2430.6057720576096,18290.004170423876,15535.35029636945,0,0,2840.7200082469126,2040.2234323290118,1843.3416971358015,10800.0,833.3333333333333,829.0572888888887,0.0,0.14808330009691417
2025-09-23,43966.582515308335,0.0,597.0128665019745,44563.59538181031,66771.1061042866,66771.1061042866,109.16103755554798,1560.0133396553335,19242.52169388683,16038.883475033334,6,0,2040.2234323290118,1537.5113179012344,1200.0,10800.0,833.3333333333333,833.3333333333333,1.1368683772161603e-13,0.16787280002608895
2025-09-24,44869.106529973054,0.0,0.0,44869.106529973054,68067.23486974995,68067.23486974995,0.0,2099.3815229426796,20813.84865519616,15909.220408388886,0,0,1537.5113179012344,2593.0635427012353,1537.5113179012344,10800.0,833.3333333333333,812.9864999999998,0.0,0.1553950000088662
2025-09-25,44519.77068867206,0.0,217.35929008333375,44737.129978755394,67457.14748134316,67457.14748134316,31.88636666666673,3114.9652482395954,20187.81212082578,16149.192421055555,2,0,2593.0635427012353,2818.54731693827,2006.8608969382701,10800.0,833.3333333333333,833.3333333333333,0.0,0.154695900157094
2025-09-26,17791.879956915636,0.0,0.0,17791.879956915636,41851.17594313031,41851.17594313031,0.0,12378.646184277766,24616.095385432098,12837.809126579561,0,0,2818.54731693827,10708.800800960984,1930.5817198765421,10800.0,833.3333333333333,562.1766666666666,5.684341886080802e-14,0.10648329998366535
2025-09-27,15036.340800440186,0.0,0.0,15036.340800440186,32252.254673724005,32252.254673724005,0.0,13058.171462620023,19563.639152233784,18170.858191129802,0,0,10708.800800960984,8126.233603382715,1444.6964595555564,10800.0,833.3333333333333,555.8651,0.0,0.09986720001325011
2025-09-28,43127.76628930203,0.0,40.07191416666671,43167.838203468695,61543.79160830329,61543.79160830329,5.868333333333339,673.6239710069954,13126.322134074075,15737.915330111111,1,0,8126.233603382715,2453.350935037036,2300.9033202359365,10800.0,833.3333333333333,833.3333333333333,0.0,0.14249019999988377
2025-09-29,45696.11890343283,0.0,142.85538336666704,45838.974286799494,68420.19446732813,68420.19446732813,26.015016666666725,2097.3717813580242,20310.276774170095,16721.33067153333,2,0,2453.350935037036,2153.3437300864243,1882.5326197160537,10800.0,833.3333333333333,833.3333333333333,0.0,0.15304740006104112
2025-09-30,45822.618226484396,0.0,4935.882944668168,50758.501171152566,69175.58359004252,69175.58359004252,725.2961628681762,454.1636966666664,21711.471301838134,17686.93001226077,3,0,2153.3437300864243,2041.5234436732203,1200.0,9937.576607318551,833.3333333333333,833.3333333333333,1.1368683772161603e-13,0.14547080011107028
2025-10-01,45400.74389170582,0.0,0.0,45400.74389170582,72055.21775245486,72055.21775245486,0.0,13542.256585702185,21031.25306980822,12179.813436388882,0,0,2041.5234436732203,7436.525166068524,2041.5234436732203,10800.0,833.3333333333333,809.797222222222,0.0,0.12630439992062747
2025-10-02,41346.72016540459,0.0,0.0,41346.72016540459,64464.61359923362,64464.61359923362,0.0,8599.769483443077,18265.91495428394,14131.853955160062,0,0,7436.525166068524,8173.788674746227,3276.0683109895112,10800.0,833.3333333333333,817.8149999999999,1.1368683772161603e-13,0.1492890000808984
2025-10-03,14822.87842796506,0.0,0.0,14822.87842796506,35545.07774225028,35545.07774225028,0.0,21212.628887617153,21851.078746867024,15335.783592233898,0,0,8173.788674746227,10800.0,2280.9637734197604,10800.0,833.3333333333333,498.67564999999996,0.0,0.09083650005050004
2025-10-04,13120.290053921286,0.0,0.0,13120.290053921286,30195.08355401135,30195.08355401135,0.0,14806.467676462937,18870.385926570645,16577.752482355558,0,0,10800.0,9363.62235351852,1475.545949320987,10800.0,833.3333333333333,501.82,5.684341886080802e-14,0.08698550006374717
2025-10-05,36451.87972059229,0.0,0.0,36451.87972059229,54526.59327232127,54526.59327232127,0.0,2560.4135181909073,13191.942247404108,15961.723559940414,0,0,9363.62235351852,3501.1219762484325,2435.8395873363015,10800.0,829.6327222222221,798.156422222222,0.0,0.1398153998889029
2025-10-06,38543.155891113274,0.0,8062.543023493571,46605.698914606844,60382.788123315324,60382.788123315324,1208.5596186898515,22.502500000000055,19308.102081671837,15472.366089666662,4,0,3501.1219762484325,3686.895972345679,1200.0,10303.714726148151,833.3333333333333,789.2292166666666,0.0,0.13357409997843206
2025-10-07,38438.9318310864,0.0,0.0,38438.9318310864,60331.16270999437,60331.16270999437,0.0,59.89526555555551,20041.517509862828,17541.813065424,0,0,3686.895972345679,2233.358325195555,1333.1955046172864,10458.31569430864,833.3333333333333,785.7503722222222,0.0,0.11480499990284443
2025-10-08,39870.44962549546,0.0,0.0,39870.44962549546,63124.046079687105,63124.046079687105,0.0,2047.4412150891649,21616.35482723127,17018.2456293,0,0,2233.358325195555,2778.9158593703705,1950.5927436913587,10800.0,833.3333333333333,791.8088888888888,0.0,0.12397039984352887
2025-10-09,40459.293731437465,0.0,0.0,40459.293731437465,64741.63529018107,64741.63529018107,0.0,3375.2014794238767,21780.49312831275,16174.041000888887,0,0,2778.9158593703705,4410.203007197533,1749.5860409629647,10800.0,833.3333333333333,804.0082833333333,0.0,0.10653160000219941
2025-10-10,14712.805287652678,0.0,0.0,14712.805287652678,36380.62245726049,36380.62245726049,0.0,18988.269699163237,20970.495192852813,12921.753351422225,0,0,4410.203007197533,8926.144956962593,1786.9050642469165,10800.0,833.3333333333333,472.15318333333335,0.0,0.09112220001406968
2025-10-11,12486.406723942056,0.0,0.0,12486.406723942056,30722.533597583457,30722.533597583457,0.0,14097.970243607682,19093.565695067893,16575.315924425453,0,0,8926.144956962593,7693.336388717644,1566.6722626682651,10800.0,833.3333333333333,496.5483333333333,0.0,0.09904020000249147
2025-10-12,37298.924998443974,0.0,0.0,37298.924998443974,57444.21360850344,57444.21360850344,0.0,1291.612696778423,14879.455166719763,17241.81023832807,0,0,7693.336388717644,1927.279107289797,1828.0898364255995,10800.0,833.3333333333333,827.4815277777777,0.0,0.1404560999944806
2025-10-13,41327.11238931824,0.0,0.0,41327.11238931824,66017.22764503772,66017.22764503772,0.0,2772.595674559118,22486.58800802337,16269.351337544751,0,0,1927.279107289797,4088.1512727944373,1798.809270695673,10800.0,833.3333333333333,797.8655555555554,0.0,0.13349849986843765
2025-10-14,40718.35638128617,0.0,3425.529732329358,44143.886113615525,64425.97777320535,64425.97777320535,566.9375576369266,361.08776555555494,21060.880645740064,17202.88236378667,7,0,4088.1512727944373,3928.630116419753,1200.0,10214.902944013114,833.3333333333333,795.8770333333334,0.0,0.13097720011137426
2025-10-15,41907.1240476535,0.0,1761.2579892373237,43668.38203689083,66398.72019803096,66398.72019803096,290.5943434787898,86.26669375569497,22334.484832623704,17651.46063486964,7,0,3928.630116419753,4416.932427037037,1200.0,10175.457846718642,833.3333333333333,785.1266666666667,0.0,0.13862839993089437
2025-10-16,42241.94436472983,0.0,6280.447179239375,48522.39154396921,66099.67066088057,66099.67066088057,964.3957929054817,1095.1443112620016,20138.486903050638,17136.03771052658,4,0,4416.932427037037,3501.52873919753,1200.0,10800.0,833.3333333333333,802.1906333333333,1.1368683772161603e-13,0.13056130008772016
2025-10-17,15890.424300275114,0.0,0.0,15890.424300275114,39688.97103157777,39688.97103157777,0.0,13169.725503703701,24558.137256296293,14043.091045088886,0,0,3501.52873919753,10000.417775320984,1972.1808687037062,10800.0,833.3333333333333,489.10518333333334,0.0,0.08054429991170764
2025-10-18,13194.879626035117,0.0,0.0,13194.879626035117,32314.790156165025,32314.790156165025,0.0,12951.325104616126,20914.803563155343,17627.931778273116,0,0,10000.417775320984,9237.150117412888,1897.0642227267354,10800.0,833.3333333333333,481.76666666666665,5.684341886080802e-14,0.10676090000197291
2025-10-19,42340.64695918174,0.0,0.0,42340.64695918174,62903.095074631834,62903.095074631834,0.0,1452.5103899039711,15345.958370438324,17781.096219043786,0,0,9237.150117412888,3291.739074092061,1555.4992010056412,10800.0,833.3333333333333,825.5608333333333,0.0,0.12065609986893833
2025-10-20,45139.64063941146,0.0,225.204593300165,45364.845232711625,69435.39050910086,69435.39050910086,44.206537722221896,1161.5544505349778,20912.81746018577,17035.557230564336,2,0,3291.739074092061,3184.8778654099965,1200.0,10800.0,833.3333333333333,818.6760888888889,0.0,0.13007089984603226
2025-10-21,46497.96529363399,0.0,0.0,46497.96529363399,70851.69445753346,70851.69445753346,0.0,292.15703888888913,20360.339565744718,16263.383497100138,0,0,3184.8778654099965,3438.7573666912076,1464.429627493676,10534.590863037041,833.3333333333333,831.9733333333334,0.0,0.12511280016042292
2025-10-22,46500.271697391756,0.0,0.0,46500.271697391756,70652.72092981749,70652.72092981749,0.0,1128.7062562890123,20567.64956688157,16598.53159335308,0,0,3438.7573666912076,3506.8290953811925,1405.762969559823,10800.0,833.3333333333333,812.44579,0.0,0.10998499998822808
2025-10-23,46030.71018562643,0.0,0.0,46030.71018562643,70650.7715353348,70650.7715353348,0.0,3821.029896327897,20380.049907362467,16929.80530168889,0,0,3506.8290953811925,3037.9792323530883,1943.0889548222226,10800.0,833.3333333333333,818.0559833333333,0.0,0.09768370003439486
2025-10-24,16497.284390536308,0.0,0.0,16497.284390536308,41169.64733810445,41169.64733810445,0.0,11573.123881729773,25020.28126282578,13843.80852311778,0,0,3037.9792323530883,10174.222898765434,1530.9891580267933,10800.0,833.3333333333333,509.03313333333335,5.684341886080802e-14,0.09846100001595914
2025-10-25,13992.504704999948,0.0,0.0,13992.504704999948,33775.73549247329,33775.73549247329,0.0,10734.502671757202,19425.926237938314,15783.126150555554,0,0,10174.222898765434,10120.749678959304,1925.69453760494,10800.0,833.3333333333333,485.56499999999994,0.0,0.11216309992596507
2025-10-26,43384.933158391286,0.0,0.0,43384.933158391286,62459.918756469735,62459.918756469735,0.0,2399.122797137641,12895.216344485589,17378.73240182016,0,0,10120.749678959304,2416.741720307274,2277.784164072705,10800.0,833.3333333333333,824.9455555555554,0.0,0.11860039993189275
2025-10-27,46081.60047075428,0.0,103.66090000000031,46185.261370754284,69763.36434598657,69763.36434598657,19.744933333333393,2360.8348538683035,19837.717047660233,15968.024288875304,1,0,2416.741720307274,2528.437853340033,1893.0606663029955,10800.0,833.3333333333333,833.3333333333333,1.1368683772161603e-13,0.1372026999015361
2025-10-28,46159.586648028504,0.0,0.0,46159.586648028504,68958.43096228868,68958.43096228868,0.0,28.8237488888891,19818.909435116933,16861.723921717137,0,0,2528.437853340033,1630.2075430373486,1364.247817605249,10285.890167419757,833.3333333333333,787.0327777777778,0.0,0.1429268999490887
2025-10-29,47237.742232799625,0.0,14576.816941668436,61814.55917446806,70475.37338680768,70475.37338680768,2266.2219417562465,48.23143888888865,18509.004245718115,15127.897156043064,7,0,1630.2075430373486,1479.5367463580246,1200.0,10483.890052691357,833.3333333333333,798.2194444444443,0.0,0.1514890999533236
2025-10-30,49075.81683337848,0.0,0.0,49075.81683337848,74033.944083479,74033.944083479,0.0,2955.3563316181226,22094.526059938522,15803.755958077638,0,0,1479.5367463580246,3804.8813579942102,1479.5367463580246,10800.0,833.3333333333333,810.1697444444443,0.0,0.130957999965176
2025-10-31,16631.67910694235,0.0,0.0,16631.67910694235,41174.64954718888,41174.64954718888,0.0,6540.055208168316,25104.304781542778,14374.00250918889,0,0,3804.8813579942102,10427.641762283949,1713.4545973514826,10800.0,833.3333333333333,487.62166666666667,0.0,0.11166450008749962
2025-11-01,14422.031105738974,0.0,0.0,14422.031105738974,34535.785625888486,34535.785625888486,0.0,8023.628914430736,20205.34372960218,16237.22545147777,0,0,10427.641762283949,10571.089506172839,1840.1243711605007,10800.0,833.3333333333333,495.655,0.0,0.1286536999978125
2025-11-02,45257.52061838925,0.0,0.0,45257.52061838925,64327.89316649751,64327.89316649751,0.0,781.010606666667,12355.257975706449,17604.75934920893,0,0,10571.089506172839,2129.97796296539,1318.8209491851837,10778.34638251852,833.3333333333333,810.7116666666667,0.0,0.1200636001303792
2025-11-03,50790.48588928305,0.0,0.0,50790.48588928305,76883.66134556374,76883.66134556374,0.0,953.1279845220018,22961.517336156427,16535.914258448007,0,0,2129.97796296539,4422.105500563937,2054.2983747265534,10800.0,833.3333333333333,808.015,0.0,0.15403269999660552
2025-11-04,48613.419003384704,0.0,0.0,48613.419003384704,72134.05198504569,72134.05198504569,0.0,3323.4878293093298,17634.595673174208,16404.103550771164,0,0,4422.105500563937,2066.4598833416617,1956.9056665325406,10800.0,833.3333333333333,820.3666666666666,0.0,0.13035120000131428
2025-11-05,50734.66562382386,0.0,0.0,50734.66562382386,75335.3825628717,75335.3825628717,0.0,1147.6370258666934,21778.21115683574,17268.485686497395,0,0,2066.4598833416617,2479.643606163391,1799.6034253703688,10800.0,833.3333333333333,803.2050166666667,0.0,0.12113059987314045
2025-11-06,50628.749010584754,0.0,3793.4199361517503,54422.16894673651,74946.39793274458,74946.39793274458,711.3403548899862,353.4782316567939,21628.81937032482,17694.143864347046,6,0,2479.643606163391,2285.421190181235,1200.0,10800.0,833.3333333333333,803.2991,1.1368683772161603e-13,0.1350899999961257
2025-11-07,17349.577107470774,0.0,369.9160254340738,17719.49313290485,43236.96655998508,43236.96655998508,71.26789816666482,7463.5741612474385,26766.862328907868,14240.663815336895,1,0,2285.421190181235,10552.63749137955,1200.0,10800.0,833.3333333333333,491.60833333333335,0.0,0.11328249983489513
2025-11-08,14473.26252124476,0.0,0.0,14473.26252124476,34127.556842624006,34127.556842624006,0.0,7326.297606227699,19381.388521074165,16371.336384677856,0,0,10552.63749137955,9805.513399593123,2009.3184474943573,10800.0,833.3333333333333,481.41166666666663,0.0,0.10335450014099479
2025-11-09,47980.70180590093,0.0,3675.162486802522,51655.86429270345,69042.02097167773,69042.02097167773,577.8542694407772,1105.9181969387414,16169.30202708899,19002.16216624256,3,0,9805.513399593123,3244.371705925927,1200.0,10800.0,833.3333333333333,761.077461111111,0.0,0.15022760001011193
2025-11-10,52931.41298314824,0.0,6362.826177453353,59294.239160601595,77610.00039894512,77610.00039894512,1004.6736758333324,86.53414444444434,21414.77849006209,16745.081659728072,4,0,3244.371705925927,3912.026058395061,1200.0,10466.47496153087,833.3333333333333,810.4921333333332,0.0,0.12769790017046034
2025-11-11,51515.90071383644,0.0,0.0,51515.90071383644,74896.94351115028,74896.94351115028,0.0,1206.214005337689,19526.446256419636,17394.7364172737,0,0,3912.026058395061,2158.3427810908383,2158.3427810908383,10800.0,833.3333333333333,790.3553999999998,0.0,0.17450830014422536
2025-11-12,53564.16734485402,0.0,0.0,53564.16734485402,79092.84261714036,79092.84261714036,0.0,1297.8916977390863,23006.50169172349,16167.538522322224,0,0,2158.3427810908383,4900.262612172839,2158.3427810908383,10800.0,833.3333333333333,815.4727777777778,0.0,0.18385199992917478
2025-11-13,53536.65463932221,0.0,0.0,53536.65463932221,77010.71742678586,77010.71742678586,0.0,339.57348034498585,20055.87335589643,15780.600726122217,0,0,4900.262612172839,5416.547825677164,2402.899193701855,10800.0,833.3333333333333,815.7959222222219,0.0,0.15616509993560612
2025-11-14,16698.258194119215,0.0,0.0,16698.258194119215,41077.02454801387,41077.02454801387,0.0,4306.045693117287,23686.40528862825,14513.881733731669,0,0,5416.547825677164,10607.777325740743,1857.978716234571,10800.0,833.3333333333333,474.0410499999999,0.0,0.08636180008761585
2025-11-15,14839.862680715964,0.0,0.0,14839.862680715964,33709.58338354622,33709.58338354622,0.0,3884.468069300414,18202.611117668028,16589.382720088885,0,0,10607.777325740743,8557.479864876543,1592.2157232098748,10800.0,833.3333333333333,486.88499999999993,0.0,0.10868000006303191
2025-11-16,51786.16590140114,0.0,13.896888366667124,51800.062789767806,72709.23230552253,72709.23230552253,2.7407333333334236,518.410272222221,16106.332003039162,18347.313619738852,1,0,8557.479864876543,2667.2746456797217,1215.8165516673746,10420.915619814807,833.3333333333333,833.3333333333333,0.0,0.12954869982786477
2025-11-17,54268.45950010223,0.0,0.0,54268.45950010223,78709.8506555759,78709.8506555759,0.0,1450.7902972600414,21251.772052114342,16688.466027131828,0,0,2667.2746456797217,3251.129462436153,2401.1999020657836,10800.0,833.3333333333333,767.9941666666666,0.0,0.169000499881804
2025-11-18,54256.08968678207,0.0,0.0,54256.08968678207,77492.8016204263,77492.8016204263,0.0,147.82049877160387,18970.37775992886,16515.9484716075,0,0,3251.129462436153,1973.415589030452,1892.6743831182034,10436.47434509876,833.3333333333333,816.6622055555558,0.0,0.13880429998971522
2025-11-19,56216.74249832135,0.0,0.0,56216.74249832135,80120.28115576084,80120.28115576084,0.0,33.23504111111117,22433.618390698397,17714.883876048665,0,0,1973.415589030452,2480.4678339382644,1205.8923388148146,10476.324330498517,833.3333333333333,798.3983333333332,0.0,0.15340059995651245
2025-11-20,55177.19655071388,0.0,0.0,55177.19655071388,80451.18893448674,80451.18893448674,0.0,918.8015375940992,22094.638637702075,17355.32727414277,0,0,2480.4678339382644,3081.945636600385,1555.0386818472991,10800.0,833.3333333333333,804.2333333333332,0.0,0.133713599992916
2025-11-21,17917.480740476392,0.0,0.0,17917.480740476392,43662.887005382334,43662.887005382334,0.0,2929.079384738102,26291.21660705987,14421.793053082296,0,0,3081.945636600385,10719.826079529486,1242.3597705112056,10800.0,833.3333333333333,489.4308333333332,0.0,0.0943334000185132
2025-11-22,15501.667876296793,0.0,0.0,15501.667876296793,35569.54201141964,35569.54201141964,0.0,2350.2725070507513,21594.396505057775,18594.95648402222,0,0,10719.826079529486,9493.720174056796,1379.306507456788,10800.0,833.3333333333333,537.3437499999999,0.0,0.07751420000568032
2025-11-23,53078.42489154122,0.0,0.0,53078.42489154122,73531.00168314781,73531.00168314781,0.0,847.2420525539144,15881.594203036737,18429.930855776165,0,0,9493.720174056796,3309.4540059274573,1272.296537527979,10800.0,833.3333333333333,800.5674999999999,0.0,0.17510490003041923
2025-11-24,55606.33916566448,0.0,99.5299589999998,55705.86912466448,79650.01131433912,79650.01131433912,18.83966666666663,2424.8651765689438,20167.356069258298,17085.313964821446,1,0,3309.4540059274573,2476.392285124985,1965.919527285479,10800.0,833.3333333333333,833.3333333333333,0.0,0.14640119997784495
2025-11-25,55389.494452506224,0.0,0.0,55389.494452506224,79894.88740528795,79894.88740528795,0.0,94.02677222222212,21338.438265183613,17706.23809878455,0,0,2476.392285124985,2007.3888362518514,1760.5036794617286,10456.385678493827,833.3333333333333,798.4024999999999,0.0,0.16134399990551174
2025-11-26,56801.15224040755,0.0,1642.8379068707509,58443.9901472783,81872.95082773158,81872.95082773158,252.84154011092738,159.8685963511665,23092.19983366208,17883.942945504063,1,0,2007.3888362518514,2919.3209693209883,1200.0,10619.445852777777,833.3333333333333,829.5131944444445,0.0,0.1569986001122743
2025-11-27,57365.45990058487,0.0,0.0,57365.45990058487,82618.2509557084,82618.2509557084,0.0,734.1330916870927,22944.29283429563,16841.067703607645,0,0,2919.3209693209883,4856.887071734116,1708.865664882265,10800.0,833.3333333333333,780.11625,0.0,0.16931699984706938
2025-11-28,17402.185046886545,0.0,0.0,17402.185046886545,42968.891415622726,42968.891415622726,0.0,2076.983744581617,25482.690273641107,15512.0211526,0,0,4856.887071734116,10555.729259566673,1793.9896804074112,10800.0,833.3333333333333,511.01249999999993,0.0,0.1091640000231564
2025-11-29,15583.752301913755,0.0,2861.4159478240954,18445.16824973785,36543.32047049893,36543.32047049893,523.9797040357772,35.75554444444447,19100.34977130318,16998.255241212915,2,0,10555.729259566673,8859.093785725188,1200.0,10592.998937469134,833.3333333333333,499.8883333333333,0.0,0.09923060005530715
2025-11-30,55599.78845639448,0.0,6502.350889125668,62102.13934552015,75317.97570273485,75317.97570273485,1014.4231269688769,0.0,14776.79396035543,18689.223247318347,7,0,8859.093785725188,1392.4047419135795,1200.0,10326.505491741978,831.7467566666664,813.9806833333332,0.0,0.1612038998864591
2025-12-01,63643.82276251727,0.0,37127.51331982631,100771.33608234358,86286.03620853911,86286.03620853911,5509.458367190335,494.79117555555604,23322.73277430705,18320.957107466485,22,0,1392.4047419135795,2026.2452304938265,1200.0,9468.42347903412,833.3333333333333,833.3333333333333,0.0,0.14135890011675656
2025-12-02,66721.86876927162,0.0,28475.638202379843,95197.50697165146,88163.37664133744,88163.37664133744,4079.3618176902664,3.2729155555557554,22263.000371783266,18661.344778311104,21,0,2026.2452304938265,1328.1180336419752,1200.0,9232.04512777778,833.3333333333333,833.3333333333333,1.1368683772161603e-13,0.14619709993712604
2025-12-03,72108.22834906288,0.0,0.0,72108.22834906288,93884.97102823757,93884.97102823757,0.0,1272.4513111593615,23180.7138593882,17730.942708976636,0,0,1328.1180336419752,2489.713052672867,1328.1180336419752,10800.0,833.3333333333333,763.343888888889,0.0,0.16733550000935793
2025-12-04,73339.31151541194,0.0,35.28018908889097,73374.59170450084,95479.82257201862,95479.82257201862,4.985894444444739,4670.141176902609,21844.393471838794,17800.93493227833,1,0,2489.713052672867,2370.850585907406,1731.9030906907387,10800.0,833.3333333333333,833.3333333333333,0.0,0.1210379998665303
2025-12-05,22150.767843446967,0.0,11524.929022894128,33675.696866341095,51122.43023840603,51122.43023840603,2258.678404511119,61.274507777777785,27310.538362384177,15302.331910578141,11,0,2370.850585907406,9947.74410029968,1200.0,10597.494887867886,833.3333333333333,665.5749999999999,0.0,0.09760940005071461
2025-12-06,21997.75276254512,0.0,0.0,21997.75276254512,47063.50352332751,47063.50352332751,0.0,53.6128011111108,20408.231607660844,17062.97170211111,0,0,9947.74410029968,9356.295100404315,1855.8720768240692,10787.0970230216,833.3333333333333,655.6695833333332,0.0,0.10987389995716512
2025-12-07,72452.87552175994,0.0,0.0,72452.87552175994,91164.08713879644,91164.08713879644,0.0,7362.482609230476,13859.89616188133,17710.972882315356,0,0,9356.295100404315,2151.342887969337,1828.26399147798,10800.0,833.3333333333333,771.9333333333334,0.0,0.13529350003227592
2025-12-08,76412.20740738581,0.0,0.0,76412.20740738581,99998.7441439951,99998.7441439951,0.0,6426.585208099035,22729.95695907385,17005.009139844442,0,0,2151.342887969337,3713.849551308645,2104.5037524197573,10800.0,833.3333333333333,768.9918333333333,0.0,0.16748119983822107
2025-12-09,75369.31569715012,0.0,0.0,75369.31569715012,99413.77696164949,99413.77696164949,0.0,7206.341630189738,22135.72679105962,17316.745726266527,0,0,3713.849551308645,4395.175078521717,1942.1263791390008,10800.0,833.3333333333333,790.0354166666666,0.0,0.13974040001630783
2025-12-10,75383.78567118317,0.0,0.0,75383.78567118317,96267.9577323276,96267.9577323276,0.0,6017.089167016749,18046.630869955297,16183.380771311113,0,0,4395.175078521717,2655.6086711358025,2460.3164746543193,10800.0,833.3333333333333,748.9394666666667,0.0,0.1394811999052763
2025-12-11,74879.82315397947,0.0,0.0,74879.82315397947,99681.11002866049,99681.11002866049,0.0,8698.2937808476,21314.227481412898,16292.6659336,0,0,2655.6086711358025,3735.4512559629643,2077.7787580000004,10800.0,833.3333333333333,773.3083333333334,0.0,0.16527520003728569
2025-12-12,25562.875645564643,0.0,0.0,25562.875645564643,57232.27971743925,57232.27971743925,0.0,2167.234242436789,26856.320235276173,15505.688243607035,0,0,3735.4512559629643,10677.596974814815,2066.9097905185195,10800.0,833.3333333333333,625.31245,0.0,0.10782160004600883
2025-12-13,23303.15512516087,0.0,0.0,23303.15512516087,49179.842573750335,49179.842573750335,0.0,2783.145552757199,19286.86707277092,16688.70343511111,0,0,10677.596974814815,9492.773523518516,2104.278533827158,10800.0,833.3333333333333,633.905,5.684341886080802e-14,0.10151459998451173
2025-12-14,71026.15645679634,0.0,0.0,71026.15645679634,88707.75707456467,88707.75707456467,0.0,3179.5120403429423,16025.19755426639,19275.67432004466,0,0,9492.773523518516,2498.035411197535,1982.6801216296342,10800.0,833.3333333333333,766.45415,0.0,0.10018950002267957
2025-12-15,74318.73776420407,0.0,0.0,74318.73776420407,96382.83651376488,96382.83651376488,0.0,2574.2210756972654,23085.611069127834,18746.55359772689,0,0,2498.035411197535,2445.581375938268,2048.907366246909,10800.0,833.3333333333333,797.7941666666666,0.0,0.13835389981977642
2025-12-16,72752.99014133165,0.0,0.0,72752.99014133165,94722.60032083839,94722.60032083839,0.0,1406.951487839911,22110.842500342937,18213.28500067778,0,0,2445.581375938268,2108.356292160494,1916.9975235802478,10800.0,833.3333333333333,817.8847144444443,0.0,0.1528388001024723
2025-12-17,72377.79386082444,0.0,0.0,72377.79386082444,94579.55351792419,94579.55351792419,0.0,1966.501423488723,22866.81381340301,18445.60878563421,0,0,2108.356292160494,2193.3678512963065,2099.7743512963066,10800.0,833.3333333333333,817.1277922222221,0.0,0.1737313000485301
2025-12-18,71438.09858040707,0.0,13.473571573331558,71451.57215198039,94767.5088240778,94767.5088240778,2.0869844444441696,2292.9489671879282,23646.867278581285,18536.48740391363,1,0,2193.3678512963065,2879.451286559877,1961.2545880836185,10800.0,833.3333333333333,833.3333333333333,0.0,0.15550969983451068
2025-12-19,24823.950293967715,0.0,0.0,24823.950293967715,56556.010490489054,56556.010490489054,0.0,1332.7784295747583,29234.31942467864,16919.478663764337,0,0,2879.451286559877,10390.918031254734,1763.4598030740801,10800.0,833.3333333333333,626.09695,0.0,0.14077470009215176
2025-12-20,21785.185326024126,0.0,0.0,21785.185326024126,48039.2820654566,48039.2820654566,0.0,1072.2430562040904,21723.801894783093,17613.11513553058,0,0,10390.918031254734,10372.211808192204,1676.3730110577637,10800.0,833.3333333333333,619.5816666666666,0.0,0.11987280007451773
2025-12-21,67503.66015403887,0.0,0.0,67503.66015403887,84712.58440760727,84712.58440760727,0.0,162.61231236349568,14667.990962310454,19155.800733733333,0,0,10372.211808192204,2289.1806367901268,2028.147844259262,10800.0,833.3333333333333,797.5304166666667,0.0,0.11891789990477264
2025-12-22,72162.50866996645,0.0,0.0,72162.50866996645,93911.1556807253,93911.1556807253,0.0,343.4036008753795,23610.648422441693,18980.323425925108,0,0,2289.1806367901268,2449.5159659597575,1854.0322103424733,10800.0,833.3333333333333,798.0676388888888,0.0,0.1016017000656575
2025-12-23,71004.49970973065,0.0,0.0,71004.49970973065,93177.59888560273,93177.59888560273,0.0,1962.588468916324,23137.75956703312,19180.841683680042,0,0,2449.5159659597575,1961.4532610895262,1961.4532610895262,10800.0,833.3333333333333,775.5780555555557,0.0,0.1318800998851657
2025-12-24,70805.67247657596,0.0,0.0,70805.67247657596,93917.26760671972,93917.26760671972,0.0,912.7505977777772,23908.192041701066,18758.23434942578,0,0,1961.4532610895262,2636.3434881474027,1943.868655904341,10647.547283159747,833.3333333333333,816.7913888888892,0.0,0.14315020013600588
2025-12-25,70922.74961990752,0.0,0.0,70922.74961990752,93810.26646475884,93810.26646475884,0.0,627.6157460954616,23839.79807500836,18469.59588967832,0,0,2636.3434881474027,3570.3885449012396,1991.455476567906,10800.0,833.3333333333333,780.7270833333332,0.0,0.11945730005390942
2025-12-26,23918.25408005091,0.0,944.6079161183069,24862.861996169217,54462.74099697696,54462.74099697696,161.94203945110695,557.7614939643305,27627.74146425364,16568.442355123232,1,0,3570.3885449012396,10025.97546814815,1200.0,10416.039177719535,833.3333333333333,651.6783333333333,0.0,0.11865879991091788
2025-12-27,20949.11545472203,0.0,199.25188595499674,21148.367340677025,47641.96023312152,47641.96023312152,38.94643950888994,118.45809633745023,24005.31358727297,19781.67407764667,2,0,10025.97546814815,9651.119832641973,1200.0,10597.055328135797,833.3333333333333,648.7416666666666,0.0,0.1316633999813348
2025-12-28,67224.18806880749,0.0,128.08935285277806,67352.27742166027,86731.09377060755,86731.09377060755,17.2949055555556,1325.0119795723663,17386.42742551124,18772.305478920498,2,0,9651.119832641973,4440.787316801542,1642.843906022784,10800.0,833.3333333333333,833.3333333333333,0.0,0.14714969997294247
2025-12-29,68973.14582248055,0.0,0.0,68973.14582248055,90408.46315982076,90408.46315982076,0.0,801.0339772710644,20585.31059125137,18501.64767536834,0,0,4440.787316801542,2410.1805429629626,1927.8887980864192,10800.0,833.3333333333333,782.1449655555555,0.0,0.1865803999826312
2025-12-30,69558.58439080353,0.0,0.0,69558.58439080353,93700.0687492886,93700.0687492886,0.0,1762.556070882612,24465.71525272165,18752.60517431565,0,0,2410.1805429629626,3593.0962989506193,1565.7637689208561,10800.0,833.3333333333333,822.8648611111109,0.0,0.20158679992891848
2025-12-31,68858.43476754185,0.0,2529.2498952189303,71387.68466276079,90946.09714850207,90946.09714850207,438.25797124443704,118.27166149519621,22640.081613895753,20020.421088977786,11,0,3593.0962989506193,1724.2574303703705,1200.0,10446.345754222222,833.3333333333333,813.7523611111111,0.0,0.16761590004898608
